"","date","EVI2_hectareID_12","EVI2_sd_hectareID_12","EVI2_hectareID_02","EVI2_sd_hectareID_02","EVI2_hectareID_06","EVI2_sd_hectareID_06","EVI2_hectareID_11","EVI2_sd_hectareID_11","EVI2_hectareID_63","EVI2_sd_hectareID_63","EVI2_hectareID_62","EVI2_sd_hectareID_62","EVI2_hectareID_61","EVI2_sd_hectareID_61","EVI2_hectareID_26","EVI2_sd_hectareID_26","EVI2_hectareID_25","EVI2_sd_hectareID_25","EVI2_hectareID_24","EVI2_sd_hectareID_24","EVI2_hectareID_23","EVI2_sd_hectareID_23","EVI2_hectareID_21","EVI2_sd_hectareID_21","EVI2_hectareID_22","EVI2_sd_hectareID_22","EVI2_hectareID_20","EVI2_sd_hectareID_20","EVI2_hectareID_64","EVI2_sd_hectareID_64","EVI2_hectareID_34","EVI2_sd_hectareID_34","EVI2_hectareID_33","EVI2_sd_hectareID_33","EVI2_hectareID_32","EVI2_sd_hectareID_32","EVI2_hectareID_31","EVI2_sd_hectareID_31","EVI2_hectareID_30","EVI2_sd_hectareID_30","EVI2_hectareID_29","EVI2_sd_hectareID_29","EVI2_hectareID_28","EVI2_sd_hectareID_28","EVI2_hectareID_42","EVI2_sd_hectareID_42","EVI2_hectareID_41","EVI2_sd_hectareID_41","EVI2_hectareID_39","EVI2_sd_hectareID_39","EVI2_hectareID_38","EVI2_sd_hectareID_38","EVI2_hectareID_37","EVI2_sd_hectareID_37","EVI2_hectareID_35","EVI2_sd_hectareID_35","EVI2_hectareID_50","EVI2_sd_hectareID_50","EVI2_hectareID_48","EVI2_sd_hectareID_48","EVI2_hectareID_47","EVI2_sd_hectareID_47","EVI2_hectareID_46","EVI2_sd_hectareID_46","EVI2_hectareID_45","EVI2_sd_hectareID_45","EVI2_hectareID_44","EVI2_sd_hectareID_44","EVI2_hectareID_43","EVI2_sd_hectareID_43","EVI2_hectareID_58","EVI2_sd_hectareID_58","EVI2_hectareID_57","EVI2_sd_hectareID_57","EVI2_hectareID_56","EVI2_sd_hectareID_56","EVI2_hectareID_55","EVI2_sd_hectareID_55","EVI2_hectareID_54","EVI2_sd_hectareID_54","EVI2_hectareID_52","EVI2_sd_hectareID_52","EVI2_hectareID_51","EVI2_sd_hectareID_51","EVI2_hectareID_59","EVI2_sd_hectareID_59","EVI2_hectareID_49","EVI2_sd_hectareID_49","EVI2_hectareID_53","EVI2_sd_hectareID_53"
"1",2018-12-15,0.556517,0,NA,NA,NA,NA,NA,NA,NA,NA,NA,NA,0.490515,0,0.625604,0,0.407427,0,NA,NA,NA,NA,0.461096,0,0.531684,0,0.546497,0,NA,NA,NA,NA,NA,NA,NA,NA,0.463499,0,0.638316,0,NA,NA,0.22191,0,NA,NA,NA,NA,NA,NA,0.525741,0,0.538222,0,0.537894,0,0.485727,0,NA,NA,0.491996,0,NA,NA,NA,NA,NA,NA,NA,NA,NA,NA,0.539098,0,NA,NA,0.567085,0,NA,NA,NA,NA,0.624924,0,NA,NA,0.484997,0,0.533695,0
"2",2018-12-25,NA,NA,NA,NA,NA,NA,NA,NA,NA,NA,NA,NA,NA,NA,NA,NA,NA,NA,NA,NA,NA,NA,NA,NA,NA,NA,NA,NA,NA,NA,NA,NA,NA,NA,NA,NA,NA,NA,NA,NA,NA,NA,NA,NA,NA,NA,0.483417,0,NA,NA,NA,NA,NA,NA,NA,NA,NA,NA,NA,NA,NA,NA,NA,NA,NA,NA,NA,NA,0.531506,0,NA,NA,NA,NA,NA,NA,NA,NA,NA,NA,NA,NA,NA,NA,NA,NA,NA,NA,NA,NA
"3",2019-01-14,NA,NA,NA,NA,NA,NA,NA,NA,NA,NA,NA,NA,NA,NA,NA,NA,NA,NA,NA,NA,NA,NA,NA,NA,NA,NA,NA,NA,NA,NA,NA,NA,NA,NA,NA,NA,NA,NA,NA,NA,NA,NA,NA,NA,NA,NA,NA,NA,NA,NA,NA,NA,NA,NA,NA,NA,NA,NA,NA,NA,NA,NA,NA,NA,NA,NA,NA,NA,NA,NA,NA,NA,NA,NA,NA,NA,NA,NA,NA,NA,NA,NA,NA,NA,0.646775,0,NA,NA,NA,NA
"4",2019-01-19,NA,NA,NA,NA,NA,NA,NA,NA,NA,NA,0.590977,0,NA,NA,NA,NA,NA,NA,NA,NA,0.46899,0,0.485166,0,NA,NA,0.536676,0,0.498321,0,0.49839,0,NA,NA,0.522043,0,NA,NA,NA,NA,NA,NA,NA,NA,NA,NA,NA,NA,NA,NA,NA,NA,0.582106,0,0.549952,0,NA,NA,NA,NA,0.519694,0,NA,NA,0.516429,0,0.215841,0,NA,NA,0.613149,0,NA,NA,0.532641,0,0.470891,0,NA,NA,0.533721,0,0.607746,0,0.340282,0,0.516628,0,0.565081,0
"5",2019-01-24,NA,NA,0.49872,0,NA,NA,NA,NA,NA,NA,NA,NA,NA,NA,NA,NA,NA,NA,NA,NA,0.500154,0,NA,NA,NA,NA,NA,NA,NA,NA,NA,NA,NA,NA,NA,NA,NA,NA,NA,NA,NA,NA,0.324571,0,NA,NA,NA,NA,NA,NA,NA,NA,0.563324,0,NA,NA,NA,NA,NA,NA,NA,NA,NA,NA,NA,NA,NA,NA,NA,NA,NA,NA,NA,NA,0.216615,0,0.592723,0,NA,NA,NA,NA,NA,NA,0.573521,0,NA,NA,NA,NA
"6",2019-01-29,NA,NA,NA,NA,NA,NA,0.62376,0,NA,NA,NA,NA,NA,NA,NA,NA,NA,NA,NA,NA,NA,NA,NA,NA,NA,NA,NA,NA,NA,NA,NA,NA,NA,NA,NA,NA,NA,NA,NA,NA,NA,NA,NA,NA,NA,NA,NA,NA,NA,NA,NA,NA,NA,NA,NA,NA,NA,NA,NA,NA,NA,NA,NA,NA,NA,NA,NA,NA,NA,NA,NA,NA,NA,NA,0.446193,0,NA,NA,NA,NA,NA,NA,NA,NA,NA,NA,NA,NA,NA,NA
"7",2019-02-03,NA,NA,0.389006,0,NA,NA,NA,NA,NA,NA,NA,NA,NA,NA,0.47671,0,NA,NA,NA,NA,NA,NA,0.497997,0,NA,NA,NA,NA,NA,NA,0.502301,0,NA,NA,NA,NA,0.461112,0,NA,NA,NA,NA,0.313868,0,NA,NA,NA,NA,NA,NA,0.514209,0,NA,NA,NA,NA,NA,NA,NA,NA,NA,NA,NA,NA,0.493893,0,0.509807,0,NA,NA,0.581416,0,NA,NA,NA,NA,NA,NA,0.553348,0,NA,NA,0.569896,0,NA,NA,0.534807,0,NA,NA
"8",2019-02-08,NA,NA,0.470799,0,0.496305,0,NA,NA,NA,NA,0.533174,0,0.494845,0,NA,NA,0.347617,0,NA,NA,0.43648,0,0.504247,0,NA,NA,0.545871,0,0.435577,0,0.388808,0,0.50793,0,NA,NA,0.440286,0,NA,NA,0.480215,0,NA,NA,NA,NA,0.557657,0,NA,NA,0.45679,0,NA,NA,NA,NA,0.469315,0,NA,NA,NA,NA,0.490459,0,NA,NA,0.472424,0,0.471188,0,NA,NA,0.406429,0,0.395898,0,NA,NA,0.564934,0,0.325455,0,0.572274,0,NA,NA,0.530444,0,NA,NA
"9",2019-02-13,0.504965,0,0.473174,0,0.494443,0,0.540237,0,NA,NA,0.528432,0,NA,NA,0.453244,0,0.428955,0,0.45297,0,NA,NA,0.459081,0,0.515751,0,0.47299,0,0.457518,0,0.46337,0,0.507128,0,0.475672,0,0.435298,0,0.593059,0,0.411576,0,0.320258,0,0.498141,0,NA,NA,0.504341,0,0.49537,0,NA,NA,0.514669,0,0.454957,0,0.40616,0,0.510178,0,0.473986,0,0.445286,0,0.465384,0,0.499461,0,0.523636,0,0.558419,0,0.483072,0,0.548964,0,0.559372,0,0.515217,0,0.575009,0,0.563948,0,0.498236,0,0.520082,0
"10",2019-02-23,NA,NA,NA,NA,NA,NA,NA,NA,0.468184,0,NA,NA,NA,NA,NA,NA,NA,NA,NA,NA,NA,NA,NA,NA,NA,NA,NA,NA,NA,NA,NA,NA,NA,NA,NA,NA,NA,NA,NA,NA,NA,NA,0.389548,0,NA,NA,NA,NA,NA,NA,0.473457,0,NA,NA,0.589318,0,0.479781,0,NA,NA,NA,NA,NA,NA,NA,NA,NA,NA,NA,NA,NA,NA,NA,NA,NA,NA,NA,NA,NA,NA,0.563102,0,0.580083,0,0.573193,0,0.463374,0,NA,NA
"11",2019-02-28,NA,NA,NA,NA,NA,NA,NA,NA,NA,NA,NA,NA,NA,NA,0.53053,0,0.450011,0,NA,NA,NA,NA,NA,NA,NA,NA,NA,NA,NA,NA,NA,NA,NA,NA,NA,NA,NA,NA,NA,NA,NA,NA,NA,NA,0.218757,0,NA,NA,NA,NA,0.512282,0,NA,NA,NA,NA,0.463183,0,NA,NA,NA,NA,NA,NA,NA,NA,NA,NA,NA,NA,0.491856,0,0.550097,0,NA,NA,0.30245,0,NA,NA,NA,NA,NA,NA,NA,NA,NA,NA,0.302078,0
"12",2019-03-05,0.403898,0,0.495964,0,NA,NA,NA,NA,NA,NA,0.530341,0,NA,NA,NA,NA,NA,NA,NA,NA,NA,NA,0.476954,0,NA,NA,NA,NA,NA,NA,NA,NA,0.521939,0,NA,NA,0.456843,0,NA,NA,NA,NA,0.401724,0,0.521161,0,NA,NA,0.523273,0,NA,NA,0.506743,0,NA,NA,0.475496,0,NA,NA,NA,NA,NA,NA,NA,NA,NA,NA,NA,NA,NA,NA,0.586958,0,NA,NA,NA,NA,NA,NA,NA,NA,0.573116,0,0.565563,0,0.566777,0,NA,NA
"13",2019-03-10,NA,NA,0.478141,0,0.501708,0,NA,NA,NA,NA,NA,NA,0.49336,0,0.548419,0,0.435363,0,NA,NA,0.435556,0,0.49006,0,NA,NA,NA,NA,NA,NA,0.468966,0,NA,NA,0.488798,0,0.442604,0,NA,NA,NA,NA,0.410419,0,0.536361,0,0.511263,0,NA,NA,0.50841,0,NA,NA,NA,NA,0.47359,0,NA,NA,NA,NA,0.46735,0,0.431698,0,0.488076,0,NA,NA,0.557786,0,0.554093,0,NA,NA,0.55558,0,0.548371,0,0.537303,0,0.553448,0,0.569554,0,0.523402,0,NA,NA
"14",2019-03-15,NA,NA,0.451701,0,0.473058,0,0.528953,0,0.40566,0,0.504706,0,0.457553,0,0.472993,0,0.398872,0,NA,NA,0.408839,0,0.439944,0,0.502267,0,0.456578,0,0.440922,0,0.440158,0,0.473953,0,0.448816,0,0.421309,0,0.583916,0,0.379106,0,0.39451,0,0.475948,0,0.478472,0,0.487763,0,0.491103,0,0.422809,0,0.512335,0,0.448005,0,0.408102,0,0.505604,0,0.422955,0,0.420953,0,0.453129,0,0.458837,0,0.478024,0,NA,NA,0.461624,0,0.519782,0,0.526238,0,0.51492,0,0.528284,0,0.546838,0,0.499527,0,0.487967,0
"15",2019-04-04,NA,NA,0.4575,0,0.476642,0,0.521676,0,0.418304,0,0.519021,0,0.456024,0,0.571944,0,0.413494,0,0.554512,0,0.416285,0,0.462036,0,NA,NA,0.462747,0,0.445585,0,NA,NA,0.499006,0,0.450377,0,0.357728,0,NA,NA,0.399434,0,0.501276,0,0.462812,0,NA,NA,NA,NA,0.480837,0,0.457195,0,0.533766,0,0.454396,0,0.434739,0,0.537018,0,0.457557,0,NA,NA,0.455402,0,0.475781,0,0.523777,0,0.546315,0,0.476016,0,0.538904,0,0.518666,0,NA,NA,0.530203,0,0.566585,0,NA,NA,0.467747,0
"16",2019-04-09,0.546139,0,0.461062,0,0.471509,0,NA,NA,0.415417,0,0.525407,0,0.458389,0,0.585102,0,0.41438,0,0.541367,0,0.419512,0,0.432495,0,0.425372,0,0.459439,0,0.438944,0,0.395566,0,0.491029,0,0.44923,0,0.435789,0,NA,NA,0.38435,0,0.51995,0,0.477028,0,0.487763,0,NA,NA,0.501307,0,0.421518,0,0.474929,0,0.454165,0,0.425321,0,0.274543,0,NA,NA,NA,NA,0.451048,0,NA,NA,0.520097,0,0.538834,0,0.462084,0,0.321006,0,0.532709,0,0.128099,0,0.519666,0,0.576369,0,0.517209,0,0.420941,0
"17",2019-04-19,0.356833,0,0.446269,0,0.466008,0,0.517167,0,0.422829,0,0.524396,0,0.462588,0,0.580707,0,0.415526,0,0.383898,0,0.431266,0,0.443192,0,0.53959,0,0.462133,0,0.4431,0,0.148996,0,0.439708,0,0.455193,0,0.433991,0,0.604209,0,0.446192,0,0.57457,0,0.454877,0,NA,NA,0.460005,0,0.501079,0,0.463437,0,0.493643,0,0.451288,0,0.423262,0,0.443002,0,0.434664,0,0.425831,0,0.444781,0,0.459758,0,NA,NA,0.521013,0,0.454975,0,0.468789,0,0.359265,0,0.498977,0,0.552334,0,0.584079,0,0.523497,0,0.455169,0
"18",2019-04-24,NA,NA,NA,NA,NA,NA,NA,NA,NA,NA,NA,NA,NA,NA,NA,NA,NA,NA,NA,NA,0.462819,0,0.451579,0,NA,NA,NA,NA,NA,NA,NA,NA,NA,NA,NA,NA,NA,NA,NA,NA,NA,NA,0.611557,0,NA,NA,NA,NA,NA,NA,NA,NA,NA,NA,NA,NA,NA,NA,NA,NA,NA,NA,NA,NA,NA,NA,NA,NA,NA,NA,NA,NA,NA,NA,NA,NA,NA,NA,NA,NA,NA,NA,NA,NA,0.676127,0,NA,NA,NA,NA
"19",2019-04-29,0.554664,0,0.449277,0,0.462342,0,0.519817,0,0.420727,0,0.511289,0,0.444832,0,0.592072,0,0.414186,0,0.560551,0,0.432075,0,0.437343,0,0.525152,0,0.451385,0,0.445079,0,0.453092,0,0.48486,0,0.453107,0,0.439321,0,0.58531,0,0.451175,0,0.580062,0,0.456083,0,0.490734,0,0.455796,0,0.509069,0,0.470164,0,0.507305,0,0.459041,0,0.431573,0,0.522665,0,0.435108,0,0.428116,0,0.448472,0,0.464994,0,0.534698,0,0.528,0,0.457777,0,0.549729,0,0.519035,0,0.499506,0,0.527345,0,0.576653,0,0.496564,0,0.451798,0
"20",2019-05-04,NA,NA,NA,NA,NA,NA,NA,NA,NA,NA,NA,NA,NA,NA,NA,NA,NA,NA,NA,NA,NA,NA,NA,NA,NA,NA,NA,NA,NA,NA,NA,NA,NA,NA,NA,NA,NA,NA,NA,NA,NA,NA,NA,NA,NA,NA,NA,NA,NA,NA,NA,NA,NA,NA,NA,NA,NA,NA,NA,NA,NA,NA,NA,NA,NA,NA,NA,NA,NA,NA,0.235964,0,NA,NA,NA,NA,NA,NA,NA,NA,NA,NA,NA,NA,NA,NA,NA,NA,NA,NA
"21",2019-05-14,NA,NA,0.450698,0,0.470853,0,0.512154,0,0.431102,0,NA,NA,NA,NA,0.61393,0,0.406212,0,NA,NA,0.451467,0,NA,NA,0.527241,0,NA,NA,NA,NA,NA,NA,NA,NA,0.455751,0,NA,NA,NA,NA,0.452578,0,0.62572,0,0.467566,0,0.490859,0,0.451836,0,NA,NA,0.446755,0,0.515993,0,0.461904,0,0.435543,0,NA,NA,0.431497,0,0.427376,0,NA,NA,0.463138,0,NA,NA,NA,NA,0.43507,0,NA,NA,0.530429,0,0.507389,0,NA,NA,NA,NA,0.478526,0,0.244728,0
"22",2019-05-24,0.514183,0,0.318271,0,0.459075,0,0.506954,0,0.404545,0,0.46128,0,0.412875,0,0.552759,0,0.381357,0,0.523127,0,0.420117,0,0.412033,0,0.497583,0,0.402069,0,0.417617,0,0.417969,0,0.462059,0,0.437462,0,0.42613,0,0.570232,0,0.416135,0,0.545186,0,0.431898,0,0.465062,0,0.431546,0,0.483793,0,0.4217,0,NA,NA,0.424282,0,0.409885,0,NA,NA,0.406376,0,0.424486,0,0.443257,0,0.423552,0,NA,NA,0.537414,0,0.453102,0,0.514187,0,0.452734,0,0.494716,0,0.487116,0,0.589818,0,NA,NA,0.459877,0
"23",2019-05-29,0.560329,0,0.445853,0,0.454965,0,NA,NA,0.421764,0,0.484098,0,0.422863,0,0.558502,0,0.389496,0,0.560411,0,0.431164,0,0.42773,0,0.528379,0,0.413767,0,0.418905,0,0.424133,0,0.476374,0,0.448247,0,0.447811,0,0.295285,0,0.419311,0,0.569766,0,0.443994,0,0.474656,0,0.442305,0,0.49504,0,0.42393,0,0.519111,0,0.422947,0,NA,NA,0.524527,0,NA,NA,0.372817,0,0.441003,0,0.450992,0,0.465605,0,0.524213,0,0.451884,0,0.528046,0,0.513334,0,0.500903,0,0.490223,0,0.582894,0,0.488991,0,0.446507,0
"24",2019-06-03,0.563653,0,NA,NA,NA,NA,NA,NA,0.430196,0,0.468599,0,0.2638,0,0.324806,0,0.395571,0,0.543882,0,0.433406,0,0.436638,0,NA,NA,NA,NA,0.435782,0,0.435661,0,0.184649,0,0.461069,0,0.455485,0,NA,NA,0.429842,0,0.58106,0,0.428174,0,0.493617,0,NA,NA,0.490271,0,0.446731,0,0.537233,0,NA,NA,NA,NA,0.540706,0,NA,NA,NA,NA,NA,NA,NA,NA,NA,NA,0.553217,0,NA,NA,NA,NA,NA,NA,0.533936,0,NA,NA,0.630192,0,0.524039,0,NA,NA
"25",2019-06-13,NA,NA,NA,NA,NA,NA,NA,NA,NA,NA,NA,NA,NA,NA,NA,NA,NA,NA,NA,NA,NA,NA,NA,NA,NA,NA,NA,NA,NA,NA,NA,NA,NA,NA,NA,NA,NA,NA,NA,NA,NA,NA,NA,NA,NA,NA,NA,NA,NA,NA,NA,NA,NA,NA,NA,NA,NA,NA,NA,NA,NA,NA,NA,NA,NA,NA,NA,NA,NA,NA,NA,NA,NA,NA,NA,NA,NA,NA,NA,NA,0.387248,0,NA,NA,NA,NA,NA,NA,NA,NA
"26",2019-06-18,NA,NA,NA,NA,NA,NA,NA,NA,NA,NA,NA,NA,NA,NA,NA,NA,NA,NA,NA,NA,NA,NA,NA,NA,0.565737,0,NA,NA,NA,NA,NA,NA,NA,NA,NA,NA,NA,NA,NA,NA,NA,NA,0.587321,0,0.461181,0,NA,NA,0.455517,0,NA,NA,NA,NA,NA,NA,NA,NA,NA,NA,NA,NA,NA,NA,NA,NA,NA,NA,NA,NA,NA,NA,NA,NA,NA,NA,NA,NA,NA,NA,NA,NA,NA,NA,NA,NA,0.508288,0,NA,NA
"27",2019-07-03,0.527913,0,0.420938,0,0.447277,0,0.507466,0,0.390283,0,0.430317,0,0.397473,0,0.392107,0,0.371896,0,0.511153,0,0.393489,0,0.406095,0,0.509612,0,0.385275,0,0.397604,0,0.403567,0,0.433608,0,0.426865,0,0.35739,0,0.580323,0,0.374438,0,0.537419,0,0.41366,0,0.463556,0,0.429389,0,0.411575,0,0.402692,0,0.502283,0,0.398882,0,0.375355,0,0.487386,0,0.38645,0,0.399071,0,0.414297,0,0.43395,0,0.388987,0,0.531359,0,0.452947,0,0.492076,0,0.526909,0,0.481271,0,0.448123,0,0.554439,0,0.473179,0,0.413456,0
"28",2019-07-08,0.508742,0,0.423979,0,0.386868,0,0.513595,0,0.398303,0,0.44224,0,0.393033,0,0.212954,0,0.376204,0,NA,NA,0.383916,0,0.405919,0,0.532781,0,0.378947,0,0.39136,0,0.386205,0,0.408248,0,0.422589,0,0.429541,0,0.510409,0,0.357154,0,0.558399,0,0.438362,0,0.448495,0,0.451864,0,0.406265,0,0.382564,0,0.529378,0,0.383462,0,0.363765,0,0.543125,0,0.37269,0,0.380961,0,0.405899,0,0.418279,0,0.374893,0,0.289731,0,0.448166,0,0.474398,0,0.50158,0,0.493115,0,0.446684,0,0.456625,0,0.493969,0,0.42371,0
"29",2019-07-13,NA,NA,NA,NA,0.475914,0,NA,NA,NA,NA,0.536161,0,NA,NA,0.382549,0,0.403406,0,NA,NA,0.393798,0,0.436533,0,0.237573,0,NA,NA,NA,NA,0.287742,0,NA,NA,0.45102,0,0.45716,0,0.605139,0,0.366353,0,0.540172,0,0.334945,0,NA,NA,NA,NA,0.314218,0,NA,NA,0.548684,0,NA,NA,0.38,0,0.206956,0,NA,NA,0.406977,0,0.43736,0,0.471028,0,0.37324,0,NA,NA,NA,NA,0.18932,0,0.536182,0,NA,NA,0.438025,0,0.55704,0,0.484422,0,NA,NA
"30",2019-07-23,NA,NA,NA,NA,NA,NA,NA,NA,NA,NA,NA,NA,NA,NA,NA,NA,NA,NA,NA,NA,NA,NA,NA,NA,NA,NA,NA,NA,NA,NA,NA,NA,NA,NA,NA,NA,NA,NA,NA,NA,NA,NA,NA,NA,NA,NA,NA,NA,NA,NA,NA,NA,NA,NA,-0.017351,0,NA,NA,NA,NA,NA,NA,NA,NA,NA,NA,NA,NA,NA,NA,NA,NA,NA,NA,NA,NA,NA,NA,NA,NA,NA,NA,NA,NA,NA,NA,NA,NA,NA,NA
"31",2019-07-28,NA,NA,NA,NA,NA,NA,NA,NA,NA,NA,NA,NA,NA,NA,NA,NA,NA,NA,NA,NA,NA,NA,NA,NA,NA,NA,NA,NA,NA,NA,NA,NA,NA,NA,NA,NA,NA,NA,NA,NA,NA,NA,NA,NA,0.430036,0,NA,NA,NA,NA,NA,NA,NA,NA,NA,NA,NA,NA,NA,NA,NA,NA,NA,NA,NA,NA,NA,NA,NA,NA,NA,NA,NA,NA,NA,NA,NA,NA,NA,NA,NA,NA,NA,NA,NA,NA,NA,NA,NA,NA
"32",2019-08-02,0.508565,0,0.411659,0,0.448157,0,0.527023,0,0.388539,0,0.451765,0,0.404307,0,0.373837,0,0.381738,0,0.48204,0,0.402928,0,0.401558,0,0.49711,0,0.38905,0,0.39017,0,0.399143,0,0.432468,0,0.424639,0,0.4182,0,0.578275,0,0.383304,0,0.521354,0,0.422229,0,0.456551,0,0.434825,0,0.40133,0,0.399654,0,0.485306,0,0.40744,0,0.379635,0,0.478597,0,0.394013,0,0.39783,0,0.416153,0,0.435264,0,0.369522,0,0.52637,0,0.451136,0,0.474949,0,0.499652,0,0.488019,0,0.423641,0,0.538982,0,0.458687,0,0.441175,0
"33",2019-08-12,0.577301,0,NA,NA,NA,NA,NA,NA,NA,NA,NA,NA,NA,NA,NA,NA,NA,NA,NA,NA,NA,NA,NA,NA,NA,NA,NA,NA,NA,NA,NA,NA,NA,NA,NA,NA,NA,NA,NA,NA,NA,NA,NA,NA,NA,NA,NA,NA,NA,NA,NA,NA,NA,NA,NA,NA,NA,NA,NA,NA,NA,NA,NA,NA,NA,NA,NA,NA,NA,NA,NA,NA,NA,NA,NA,NA,NA,NA,NA,NA,NA,NA,NA,NA,NA,NA,NA,NA,NA,NA
"34",2019-09-01,NA,NA,0.442631,0,0.403622,0,NA,NA,NA,NA,NA,NA,NA,NA,NA,NA,NA,NA,NA,NA,NA,NA,NA,NA,NA,NA,NA,NA,NA,NA,NA,NA,NA,NA,NA,NA,NA,NA,NA,NA,NA,NA,NA,NA,NA,NA,NA,NA,NA,NA,NA,NA,NA,NA,NA,NA,NA,NA,NA,NA,NA,NA,0.411391,0,NA,NA,NA,NA,0.463661,0,NA,NA,0.501872,0,0.472502,0,NA,NA,0.426155,0,0.511862,0,NA,NA,NA,NA,NA,NA,NA,NA
"35",2019-09-16,NA,NA,NA,NA,0.498929,0,NA,NA,NA,NA,NA,NA,NA,NA,0.412043,0,NA,NA,NA,NA,NA,NA,0.484373,0,NA,NA,NA,NA,NA,NA,NA,NA,NA,NA,NA,NA,NA,NA,NA,NA,NA,NA,NA,NA,0.510382,0,NA,NA,0.508983,0,NA,NA,NA,NA,NA,NA,NA,NA,NA,NA,NA,NA,0.445186,0,NA,NA,NA,NA,NA,NA,NA,NA,NA,NA,NA,NA,NA,NA,0.538131,0,NA,NA,0.439281,0,NA,NA,NA,NA,NA,NA
"36",2019-09-21,NA,NA,NA,NA,0.486306,0,NA,NA,NA,NA,0.517857,0,NA,NA,NA,NA,NA,NA,NA,NA,NA,NA,0.386355,0,NA,NA,NA,NA,NA,NA,0.405493,0,NA,NA,0.454715,0,NA,NA,NA,NA,NA,NA,0.577982,0,NA,NA,NA,NA,0.415797,0,NA,NA,NA,NA,0.524032,0,NA,NA,0.441326,0,NA,NA,NA,NA,0.434318,0,NA,NA,0.485968,0,NA,NA,NA,NA,NA,NA,NA,NA,NA,NA,NA,NA,0.451054,0,NA,NA,NA,NA,0.493881,0
"37",2019-09-26,NA,NA,NA,NA,NA,NA,NA,NA,0.363803,0,NA,NA,NA,NA,NA,NA,NA,NA,NA,NA,NA,NA,0.117663,0,NA,NA,NA,NA,NA,NA,NA,NA,0.255839,0,0.011957,0,NA,NA,NA,NA,NA,NA,NA,NA,NA,NA,0.050911,0,NA,NA,NA,NA,0.250205,0,0.542913,0,NA,NA,0.423316,0,NA,NA,0.393061,0,NA,NA,NA,NA,0.575774,0,0.287362,0,NA,NA,NA,NA,NA,NA,NA,NA,NA,NA,0.289323,0,NA,NA,NA,NA,NA,NA
"38",2019-10-01,NA,NA,NA,NA,NA,NA,NA,NA,NA,NA,NA,NA,NA,NA,NA,NA,0.416716,0,NA,NA,NA,NA,NA,NA,NA,NA,NA,NA,NA,NA,NA,NA,NA,NA,NA,NA,NA,NA,NA,NA,0.426151,0,NA,NA,0.459567,0,NA,NA,NA,NA,NA,NA,NA,NA,0.432527,0,NA,NA,NA,NA,NA,NA,NA,NA,NA,NA,NA,NA,NA,NA,NA,NA,NA,NA,0.486147,0,NA,NA,NA,NA,NA,NA,NA,NA,NA,NA,NA,NA,NA,NA
"39",2019-10-06,NA,NA,NA,NA,NA,NA,NA,NA,0.293322,0,NA,NA,NA,NA,NA,NA,NA,NA,0.487974,0,0.33755,0,0.405238,0,NA,NA,0.404257,0,0.404666,0,0.415568,0,NA,NA,0.428723,0,NA,NA,0.58901,0,NA,NA,0.504059,0,NA,NA,NA,NA,NA,NA,0.363198,0,0.393719,0,0.413422,0,0.404486,0,0.419402,0,NA,NA,NA,NA,NA,NA,NA,NA,NA,NA,NA,NA,NA,NA,NA,NA,NA,NA,NA,NA,NA,NA,NA,NA,0.430153,0,NA,NA,NA,NA
"40",2019-10-11,NA,NA,NA,NA,NA,NA,NA,NA,NA,NA,NA,NA,NA,NA,NA,NA,NA,NA,NA,NA,NA,NA,NA,NA,NA,NA,NA,NA,NA,NA,NA,NA,NA,NA,NA,NA,NA,NA,NA,NA,NA,NA,NA,NA,NA,NA,NA,NA,0.520233,0,NA,NA,NA,NA,NA,NA,0.415291,0,NA,NA,0.534342,0,NA,NA,NA,NA,NA,NA,NA,NA,NA,NA,NA,NA,NA,NA,NA,NA,NA,NA,NA,NA,NA,NA,NA,NA,NA,NA,NA,NA
"41",2019-10-16,NA,NA,0.46232,0,0.394999,0,NA,NA,0.420987,0,0.506874,0,NA,NA,NA,NA,NA,NA,NA,NA,NA,NA,NA,NA,0.558465,0,NA,NA,NA,NA,NA,NA,NA,NA,NA,NA,NA,NA,NA,NA,NA,NA,NA,NA,NA,NA,NA,NA,NA,NA,NA,NA,NA,NA,NA,NA,NA,NA,NA,NA,NA,NA,NA,NA,NA,NA,NA,NA,NA,NA,NA,NA,NA,NA,NA,NA,NA,NA,NA,NA,NA,NA,NA,NA,NA,NA,NA,NA,NA,NA
"42",2019-10-21,0.442708,0,NA,NA,NA,NA,NA,NA,0.362998,0,0.456351,0,NA,NA,0.285849,0,0.329308,0,0.393943,0,NA,NA,0.355618,0,0.474107,0,NA,NA,0.344813,0,0.345585,0,0.355651,0,NA,NA,0.359824,0,0.550321,0,NA,NA,0.409662,0,0.384253,0,0.34159,0,0.43938,0,0.290506,0,NA,NA,0.479646,0,NA,NA,NA,NA,0.442671,0,NA,NA,NA,NA,NA,NA,NA,NA,NA,NA,0.497839,0,NA,NA,0.36984,0,NA,NA,0.474345,0,NA,NA,NA,NA,0.421294,0,0.452565,0
"43",2019-10-31,0.50097,0,0.486582,0,NA,NA,0.56598,0,NA,NA,NA,NA,0.332448,0,NA,NA,NA,NA,NA,NA,0.402719,0,NA,NA,NA,NA,0.466841,0,NA,NA,0.458979,0,NA,NA,NA,NA,NA,NA,NA,NA,0.397127,0,0.426063,0,NA,NA,NA,NA,NA,NA,NA,NA,NA,NA,NA,NA,NA,NA,NA,NA,NA,NA,0.43204,0,NA,NA,0.455049,0,0.48848,0,NA,NA,0.598934,0,NA,NA,NA,NA,NA,NA,NA,NA,0.444592,0,0.387926,0,NA,NA,NA,NA
"44",2019-11-05,0.43975,0,0.433032,0,0.463755,0,0.511828,0,0.405252,0,0.482309,0,0.394378,0,0.267555,0,0.362246,0,0.386859,0,0.357964,0,0.381343,0,0.478061,0,0.42266,0,0.389257,0,0.387277,0,0.379849,0,0.412293,0,0.410035,0,0.608689,0,0.366989,0,0.396569,0,0.426584,0,0.439846,0,0.479562,0,0.328134,0,0.391544,0,0.491532,0,0.400124,0,0.374043,0,0.4553,0,0.365152,0,0.390663,0,0.420761,0,0.425698,0,0.259725,0,0.546258,0,0.462355,0,0.381501,0,0.481461,0,0.504141,0,0.41159,0,0.354696,0,0.45362,0,0.477228,0
"45",2019-11-10,0.432125,0,0.430731,0,0.456431,0,0.520192,0,0.399786,0,0.473904,0,0.384693,0,0.270085,0,0.353313,0,0.381776,0,0.334029,0,0.382798,0,0.480072,0,0.405993,0,0.374653,0,0.368868,0,0.368309,0,0.396267,0,0.40182,0,0.615037,0,0.3382,0,0.406137,0,0.419521,0,0.423422,0,0.491794,0,0.309665,0,0.37087,0,0.490872,0,0.375809,0,0.345955,0,0.461832,0,0.360094,0,0.387267,0,0.412679,0,0.414905,0,0.258521,0,0.558094,0,0.465683,0,0.382766,0,0.485236,0,0.506495,0,0.41925,0,0.367315,0,0.462282,0,0.470073,0
"46",2019-11-15,0.384491,0,NA,NA,NA,NA,NA,NA,NA,NA,NA,NA,NA,NA,0.265163,0,NA,NA,0.371681,0,NA,NA,NA,NA,0.482897,0,NA,NA,NA,NA,NA,NA,0.391462,0,NA,NA,NA,NA,0.585353,0,NA,NA,0.373333,0,0.185918,0,NA,NA,0.492701,0,NA,NA,NA,NA,NA,NA,NA,NA,0.309848,0,0.465002,0,0.343707,0,0.284132,0,0.385544,0,0.373341,0,0.254473,0,0.515566,0,NA,NA,0.366096,0,NA,NA,NA,NA,NA,NA,0.269951,0,0.451956,0,0.466687,0
"47",2019-11-20,NA,NA,0.365744,0,NA,NA,NA,NA,NA,NA,NA,NA,NA,NA,NA,NA,NA,NA,NA,NA,0.364352,0,NA,NA,NA,NA,0.389349,0,NA,NA,NA,NA,NA,NA,NA,NA,NA,NA,NA,NA,0.358162,0,NA,NA,NA,NA,NA,NA,NA,NA,NA,NA,NA,NA,NA,NA,0.351323,0,0.336093,0,0.472674,0,NA,NA,NA,NA,NA,NA,NA,NA,NA,NA,NA,NA,0.468592,0,NA,NA,NA,NA,0.485874,0,NA,NA,NA,NA,0.320785,0,NA,NA
"48",2019-12-05,0.453236,0,0.422623,0,0.449465,0,0.521317,0,0.418261,0,0.509167,0,0.409186,0,0.344257,0,0.390341,0,0.412645,0,0.36705,0,0.403791,0,0.491609,0,0.458584,0,0.145121,0,0.057466,0,0.407442,0,0.407607,0,0.414867,0,0.595757,0,0.411465,0,0.439897,0,0.427224,0,0.441362,0,0.478901,0,0.396745,0,0.398745,0,0.47723,0,0.40134,0,0.376604,0,0.462226,0,0.374529,0,0.386487,0,0.423683,0,0.428885,0,0.285934,0,0.531298,0,0.448205,0,0.42213,0,0.497807,0,0.498134,0,0.4637,0,0.416112,0,0.458707,0,0.479191,0
"49",2019-12-10,NA,NA,0.448953,0,0.476606,0,NA,NA,0.433753,0,0.530803,0,0.43444,0,0.396664,0,0.411806,0,NA,NA,0.391996,0,0.441447,0,0.504878,0,0.489174,0,0.140851,0,0.057765,0,0.437433,0,0.441475,0,0.442936,0,0.623199,0,0.357842,0,0.496533,0,0.447251,0,NA,NA,0.502326,0,0.435445,0,0.438944,0,0.492387,0,NA,NA,0.416376,0,0.474058,0,0.395103,0,0.423026,0,0.455991,0,0.461574,0,0.319732,0,0.552007,0,0.473691,0,0.454767,0,0.537289,0,0.52304,0,0.521491,0,0.484017,0,0.477664,0,0.364782,0
"50",2019-12-15,NA,NA,NA,NA,NA,NA,NA,NA,NA,NA,NA,NA,NA,NA,NA,NA,NA,NA,NA,NA,NA,NA,NA,NA,NA,NA,NA,NA,0.13281,0,NA,NA,0.401399,0,NA,NA,NA,NA,NA,NA,NA,NA,NA,NA,NA,NA,NA,NA,NA,NA,NA,NA,NA,NA,NA,NA,NA,NA,NA,NA,NA,NA,NA,NA,NA,NA,NA,NA,NA,NA,NA,NA,NA,NA,NA,NA,NA,NA,NA,NA,NA,NA,NA,NA,NA,NA,NA,NA,NA,NA
"51",2019-12-20,NA,NA,NA,NA,NA,NA,NA,NA,NA,NA,NA,NA,NA,NA,NA,NA,NA,NA,0.478575,0,0.444765,0,NA,NA,NA,NA,NA,NA,NA,NA,NA,NA,NA,NA,NA,NA,0.468713,0,NA,NA,NA,NA,0.461494,0,NA,NA,0.554351,0,NA,NA,NA,NA,0.510103,0,NA,NA,0.46403,0,NA,NA,NA,NA,NA,NA,0.421258,0,NA,NA,0.485894,0,NA,NA,NA,NA,NA,NA,0.508491,0,NA,NA,NA,NA,0.627113,0,NA,NA,NA,NA,0.564301,0
"52",2019-12-25,NA,NA,NA,NA,NA,NA,NA,NA,NA,NA,NA,NA,NA,NA,NA,NA,NA,NA,NA,NA,NA,NA,NA,NA,NA,NA,NA,NA,NA,NA,NA,NA,NA,NA,NA,NA,NA,NA,NA,NA,NA,NA,NA,NA,NA,NA,NA,NA,NA,NA,NA,NA,NA,NA,NA,NA,NA,NA,NA,NA,NA,NA,NA,NA,NA,NA,NA,NA,NA,NA,NA,NA,NA,NA,NA,NA,NA,NA,NA,NA,NA,NA,0.653498,0,NA,NA,NA,NA,NA,NA
"53",2019-12-30,NA,NA,NA,NA,NA,NA,NA,NA,NA,NA,NA,NA,NA,NA,NA,NA,NA,NA,NA,NA,NA,NA,NA,NA,NA,NA,NA,NA,NA,NA,NA,NA,NA,NA,NA,NA,NA,NA,0.251365,0,NA,NA,0.420954,0,NA,NA,NA,NA,NA,NA,0.513559,0,NA,NA,NA,NA,NA,NA,NA,NA,NA,NA,NA,NA,NA,NA,NA,NA,NA,NA,0.347274,0,NA,NA,NA,NA,NA,NA,NA,NA,NA,NA,0.618864,0,0.571885,0,NA,NA,NA,NA
"54",2020-01-14,0.356182,0,0.470202,0,NA,NA,NA,NA,NA,NA,NA,NA,NA,NA,0.459683,0,NA,NA,0.461241,0,NA,NA,0.518118,0,0.521527,0,NA,NA,NA,NA,0.089669,0,NA,NA,NA,NA,0.458254,0,0.549359,0,NA,NA,0.454606,0,0.438862,0,NA,NA,0.470871,0,0.512984,0,NA,NA,0.546995,0,NA,NA,0.398969,0,NA,NA,0.485632,0,0.415137,0,NA,NA,0.51161,0,0.418594,0,NA,NA,NA,NA,0.468058,0,NA,NA,NA,NA,NA,NA,NA,NA,0.506216,0,NA,NA
"55",2020-01-19,NA,NA,NA,NA,NA,NA,NA,NA,NA,NA,0.505606,0,0.520878,0,NA,NA,NA,NA,NA,NA,0.42533,0,0.492521,0,NA,NA,NA,NA,NA,NA,0.077631,0,NA,NA,NA,NA,0.129989,0,NA,NA,NA,NA,NA,NA,NA,NA,NA,NA,NA,NA,0.493175,0,NA,NA,NA,NA,NA,NA,NA,NA,NA,NA,NA,NA,NA,NA,NA,NA,NA,NA,0.381606,0,NA,NA,0.452326,0,NA,NA,NA,NA,NA,NA,NA,NA,0.450033,0,NA,NA,NA,NA
"56",2020-01-29,NA,NA,NA,NA,NA,NA,NA,NA,NA,NA,NA,NA,NA,NA,NA,NA,NA,NA,NA,NA,NA,NA,NA,NA,NA,NA,NA,NA,NA,NA,NA,NA,NA,NA,NA,NA,NA,NA,NA,NA,NA,NA,NA,NA,NA,NA,NA,NA,NA,NA,0.309411,0,NA,NA,NA,NA,0.445891,0,NA,NA,NA,NA,NA,NA,NA,NA,NA,NA,NA,NA,NA,NA,NA,NA,NA,NA,NA,NA,NA,NA,NA,NA,0.405263,0,NA,NA,NA,NA,NA,NA
"57",2020-02-03,NA,NA,0.514131,0,NA,NA,NA,NA,NA,NA,NA,NA,NA,NA,0.554458,0,NA,NA,NA,NA,NA,NA,NA,NA,0.517224,0,NA,NA,NA,NA,NA,NA,NA,NA,0.533466,0,0.450966,0,NA,NA,NA,NA,NA,NA,NA,NA,NA,NA,NA,NA,0.522937,0,NA,NA,0.562857,0,NA,NA,NA,NA,NA,NA,NA,NA,NA,NA,NA,NA,NA,NA,NA,NA,0.561204,0,0.495829,0,NA,NA,NA,NA,NA,NA,0.596673,0,0.612228,0,NA,NA,NA,NA
"58",2020-02-13,0.506613,0,NA,NA,NA,NA,NA,NA,0.433997,0,0.521582,0,0.515287,0,0.569341,0,0.503225,0,0.496502,0,0.498127,0,0.514491,0,0.543902,0,0.513498,0,0.173334,0,0.115031,0,0.491995,0,0.46761,0,NA,NA,0.59717,0,0.278966,0,0.418688,0,0.420774,0,NA,NA,0.32597,0,0.274385,0,NA,NA,NA,NA,NA,NA,NA,NA,NA,NA,NA,NA,NA,NA,NA,NA,NA,NA,NA,NA,NA,NA,NA,NA,NA,NA,NA,NA,NA,NA,NA,NA,NA,NA,NA,NA,NA,NA
"59",2020-02-18,NA,NA,NA,NA,NA,NA,NA,NA,NA,NA,NA,NA,NA,NA,NA,NA,NA,NA,NA,NA,NA,NA,0.534769,0,NA,NA,NA,NA,NA,NA,0.1114,0,NA,NA,NA,NA,NA,NA,NA,NA,NA,NA,NA,NA,NA,NA,NA,NA,NA,NA,NA,NA,NA,NA,NA,NA,NA,NA,NA,NA,NA,NA,NA,NA,NA,NA,NA,NA,NA,NA,NA,NA,0.55312,0,NA,NA,NA,NA,NA,NA,NA,NA,NA,NA,0.635581,0,NA,NA,0.527657,0
"60",2020-03-04,0.471021,0,NA,NA,0.498107,0,0.557257,0,NA,NA,NA,NA,NA,NA,0.437616,0,0.48,0,0.483861,0,0.47871,0,0.274415,0,NA,NA,0.414312,0,NA,NA,NA,NA,NA,NA,0.514503,0,NA,NA,NA,NA,NA,NA,0.453004,0,NA,NA,NA,NA,0.486542,0,NA,NA,NA,NA,0.382995,0,NA,NA,NA,NA,NA,NA,NA,NA,NA,NA,0.473951,0,0.512058,0,0.481675,0,0.562216,0,0.246996,0,0.513644,0,NA,NA,0.536201,0,0.555426,0,0.58823,0,NA,NA,0.508443,0
"61",2020-03-14,NA,NA,NA,NA,NA,NA,NA,NA,NA,NA,NA,NA,NA,NA,NA,NA,NA,NA,NA,NA,NA,NA,NA,NA,NA,NA,NA,NA,NA,NA,NA,NA,NA,NA,NA,NA,NA,NA,NA,NA,NA,NA,0.568114,0,NA,NA,NA,NA,NA,NA,NA,NA,NA,NA,NA,NA,NA,NA,NA,NA,NA,NA,NA,NA,NA,NA,NA,NA,NA,NA,NA,NA,NA,NA,NA,NA,NA,NA,NA,NA,NA,NA,NA,NA,NA,NA,NA,NA,NA,NA
"62",2020-03-19,NA,NA,NA,NA,0.448393,0,NA,NA,NA,NA,NA,NA,NA,NA,NA,NA,NA,NA,NA,NA,NA,NA,0.491858,0,NA,NA,0.500612,0,NA,NA,0.142409,0,NA,NA,0.492849,0,NA,NA,NA,NA,0.502501,0,0.544266,0,NA,NA,NA,NA,NA,NA,NA,NA,NA,NA,NA,NA,0.460832,0,NA,NA,NA,NA,NA,NA,NA,NA,NA,NA,NA,NA,NA,NA,NA,NA,NA,NA,NA,NA,NA,NA,NA,NA,NA,NA,0.5983,0,NA,NA,NA,NA
"63",2020-04-03,0.524195,0,0.464728,0,0.482315,0,0.517933,0,0.429277,0,0.522181,0,0.478745,0,0.625417,0,0.453922,0,0.549624,0,0.458494,0,0.458947,0,0.519439,0,0.478071,0,0.211404,0,0.167617,0,0.466851,0,0.475391,0,0.422046,0,0.579919,0,0.490739,0,0.61699,0,0.435692,0,0.523357,0,0.442006,0,0.50152,0,0.504,0,0.498037,0,0.457916,0,0.439728,0,0.486779,0,0.469068,0,0.453262,0,0.457803,0,0.480149,0,0.550843,0,0.511751,0,0.457758,0,0.54256,0,0.528285,0,0.502866,0,0.555774,0,0.598085,0,0.467171,0,0.477746,0
"64",2020-04-08,NA,NA,0.471798,0,0.491845,0,NA,NA,NA,NA,NA,NA,NA,NA,0.630494,0,NA,NA,NA,NA,NA,NA,NA,NA,NA,NA,NA,NA,NA,NA,NA,NA,NA,NA,NA,NA,NA,NA,NA,NA,NA,NA,NA,NA,NA,NA,NA,NA,NA,NA,NA,NA,0.480131,0,NA,NA,NA,NA,NA,NA,NA,NA,NA,NA,NA,NA,NA,NA,0.489048,0,NA,NA,NA,NA,NA,NA,NA,NA,NA,NA,NA,NA,NA,NA,NA,NA,0.233339,0,NA,NA
"65",2020-04-23,NA,NA,NA,NA,NA,NA,NA,NA,NA,NA,NA,NA,NA,NA,0.625865,0,NA,NA,NA,NA,NA,NA,NA,NA,0.51229,0,NA,NA,NA,NA,NA,NA,NA,NA,NA,NA,NA,NA,NA,NA,NA,NA,NA,NA,NA,NA,NA,NA,NA,NA,NA,NA,NA,NA,NA,NA,NA,NA,NA,NA,NA,NA,NA,NA,NA,NA,NA,NA,NA,NA,0.50154,0,NA,NA,NA,NA,0.379512,0,NA,NA,NA,NA,0.499221,0,NA,NA,NA,NA,NA,NA
"66",2020-05-03,0.553765,0,NA,NA,NA,NA,NA,NA,NA,NA,NA,NA,0.51052,0,0.409936,0,NA,NA,0.579585,0,NA,NA,NA,NA,NA,NA,NA,NA,NA,NA,NA,NA,NA,NA,NA,NA,NA,NA,NA,NA,NA,NA,NA,NA,NA,NA,NA,NA,NA,NA,NA,NA,NA,NA,0.572203,0,NA,NA,NA,NA,NA,NA,NA,NA,NA,NA,0.478971,0,0.506409,0,0.569883,0,NA,NA,NA,NA,0.588846,0,NA,NA,NA,NA,0.585004,0,NA,NA,NA,NA,NA,NA
"67",2020-05-18,NA,NA,NA,NA,NA,NA,NA,NA,NA,NA,NA,NA,NA,NA,NA,NA,NA,NA,NA,NA,NA,NA,NA,NA,NA,NA,NA,NA,NA,NA,NA,NA,NA,NA,NA,NA,NA,NA,NA,NA,0.542524,0,NA,NA,NA,NA,NA,NA,NA,NA,NA,NA,NA,NA,NA,NA,NA,NA,NA,NA,NA,NA,NA,NA,NA,NA,NA,NA,NA,NA,NA,NA,NA,NA,NA,NA,NA,NA,NA,NA,NA,NA,NA,NA,0.348598,0,NA,NA,NA,NA
"68",2020-05-23,NA,NA,NA,NA,NA,NA,NA,NA,NA,NA,NA,NA,NA,NA,NA,NA,NA,NA,NA,NA,NA,NA,NA,NA,NA,NA,NA,NA,NA,NA,NA,NA,NA,NA,NA,NA,NA,NA,NA,NA,NA,NA,NA,NA,NA,NA,NA,NA,NA,NA,NA,NA,NA,NA,NA,NA,NA,NA,NA,NA,NA,NA,0.376471,0,NA,NA,NA,NA,NA,NA,NA,NA,NA,NA,NA,NA,NA,NA,NA,NA,NA,NA,NA,NA,NA,NA,NA,NA,NA,NA
"69",2020-06-02,0.536223,0,0.038605,0,NA,NA,NA,NA,0.46741,0,0.495349,0,0.506369,0,0.595658,0,0.211159,0,0.217831,0,0.46988,0,0.248632,0,0.248866,0,0.340335,0,0.280303,0,NA,NA,0.467561,0,0.490137,0,0.279078,0,0.592644,0,0.562197,0,0.598011,0,0.411374,0,0.451466,0,0.444403,0,0.371842,0,0.072635,0,0.468076,0,0.084129,0,NA,NA,0.504564,0,NA,NA,NA,NA,NA,NA,NA,NA,0.361274,0,0.367247,0,NA,NA,0.473372,0,NA,NA,NA,NA,NA,NA,NA,NA,0.460457,0,0.411318,0
"70",2020-06-12,NA,NA,NA,NA,NA,NA,NA,NA,NA,NA,NA,NA,NA,NA,0.596464,0,NA,NA,0.559848,0,NA,NA,NA,NA,NA,NA,NA,NA,NA,NA,NA,NA,0.499932,0,NA,NA,0.475118,0,NA,NA,NA,NA,NA,NA,NA,NA,NA,NA,NA,NA,0.472197,0,NA,NA,NA,NA,0.484887,0,NA,NA,NA,NA,NA,NA,NA,NA,NA,NA,NA,NA,0.582905,0,NA,NA,NA,NA,NA,NA,NA,NA,NA,NA,0.536472,0,0.595145,0,0.51626,0,NA,NA
"71",2020-06-22,0.536023,0,0.434413,0,0.443431,0,0.514299,0,0.432424,0,0.47625,0,0.471439,0,0.593702,0,0.431799,0,0.533173,0,0.455002,0,0.435312,0,0.49974,0,0.445787,0,0.28326,0,0.271368,0,0.478593,0,0.457623,0,0.433744,0,0.593007,0,0.472073,0,0.616282,0,0.421725,0,0.517826,0,0.425806,0,0.516594,0,0.500107,0,0.50652,0,0.457972,0,0.425966,0,0.501403,0,0.437519,0,0.436779,0,0.440149,0,0.450781,0,0.555307,0,0.516117,0,0.445452,0,0.560695,0,0.504679,0,0.489914,0,0.530758,0,0.586859,0,0.464396,0,0.440981,0
"72",2020-06-27,-0.01221,0,0.004193,0,0.028959,0,0.060076,0,NA,NA,NA,NA,-0.020527,0,0.03101,0,0.022696,0,0.008786,0,0.02862,0,-0.03768,0,0.060176,0,-0.012262,0,-0.020044,0,-0.021524,0,-0.031025,0,NA,NA,-0.036454,0,-0.033516,0,NA,NA,NA,NA,-0.040574,0,-0.00163,0,-0.035596,0,NA,NA,NA,NA,-0.06023,0,NA,NA,NA,NA,-0.048069,0,NA,NA,NA,NA,NA,NA,NA,NA,NA,NA,-0.030469,0,-0.025115,0,0.036791,0,0.007124,0,-0.018314,0,0.096361,0,0.095823,0,-0.031466,0,-0.019516,0
"73",2020-07-02,0.510208,0,0.426454,0,0.435974,0,0.508324,0,0.408431,0,NA,NA,0.431342,0,0.520994,0,0.395182,0,0.514464,0,NA,NA,0.409452,0,0.480219,0,NA,NA,NA,NA,0.276202,0,0.460458,0,0.443494,0,0.42173,0,0.559912,0,NA,NA,0.583985,0,NA,NA,NA,NA,NA,NA,NA,NA,NA,NA,0.492732,0,NA,NA,0.416222,0,0.481826,0,0.428443,0,0.424713,0,0.436036,0,0.444948,0,0.551029,0,0.511027,0,0.440022,0,0.558099,0,0.490241,0,0.485362,0,0.486153,0,0.482606,0,NA,NA,0.423256,0
"74",2020-07-07,NA,NA,NA,NA,NA,NA,NA,NA,NA,NA,NA,NA,NA,NA,NA,NA,NA,NA,NA,NA,NA,NA,NA,NA,NA,NA,NA,NA,NA,NA,NA,NA,NA,NA,NA,NA,NA,NA,NA,NA,NA,NA,NA,NA,NA,NA,NA,NA,NA,NA,NA,NA,NA,NA,NA,NA,NA,NA,NA,NA,NA,NA,NA,NA,NA,NA,NA,NA,0.224133,0,0.569718,0,NA,NA,NA,NA,0.399197,0,NA,NA,NA,NA,NA,NA,NA,NA,NA,NA,NA,NA
"75",2020-07-12,NA,NA,NA,NA,NA,NA,NA,NA,NA,NA,NA,NA,NA,NA,NA,NA,0.385223,0,NA,NA,NA,NA,NA,NA,NA,NA,NA,NA,NA,NA,NA,NA,NA,NA,NA,NA,NA,NA,NA,NA,NA,NA,NA,NA,NA,NA,NA,NA,NA,NA,NA,NA,NA,NA,NA,NA,NA,NA,NA,NA,NA,NA,NA,NA,NA,NA,NA,NA,NA,NA,NA,NA,NA,NA,NA,NA,NA,NA,NA,NA,NA,NA,NA,NA,NA,NA,NA,NA,NA,NA
"76",2020-07-22,0.539152,0,0.448306,0,0.44969,0,NA,NA,NA,NA,NA,NA,NA,NA,0.473309,0,NA,NA,0.551385,0,0.428618,0,0.298361,0,0.508096,0,0.269075,0,0.31399,0,NA,NA,0.4825,0,NA,NA,0.436462,0,0.595001,0,NA,NA,0.584982,0,0.425145,0,0.544081,0,0.435689,0,0.528753,0,NA,NA,0.507615,0,0.399689,0,0.462202,0,0.513893,0,0.440935,0,0.403,0,0.468944,0,NA,NA,0.536377,0,0.510291,0,NA,NA,0.567044,0,0.493823,0,NA,NA,0.513071,0,0.593545,0,0.476745,0,0.427556,0
"77",2020-07-27,NA,NA,NA,NA,NA,NA,NA,NA,NA,NA,NA,NA,NA,NA,NA,NA,NA,NA,NA,NA,NA,NA,NA,NA,0.527131,0,NA,NA,NA,NA,NA,NA,NA,NA,NA,NA,NA,NA,NA,NA,NA,NA,NA,NA,NA,NA,NA,NA,NA,NA,NA,NA,NA,NA,NA,NA,NA,NA,NA,NA,NA,NA,NA,NA,NA,NA,NA,NA,NA,NA,NA,NA,NA,NA,NA,NA,NA,NA,NA,NA,NA,NA,NA,NA,NA,NA,0.403303,0,NA,NA
"78",2020-08-06,NA,NA,NA,NA,NA,NA,NA,NA,NA,NA,NA,NA,NA,NA,NA,NA,NA,NA,NA,NA,NA,NA,NA,NA,NA,NA,NA,NA,NA,NA,NA,NA,NA,NA,NA,NA,NA,NA,NA,NA,NA,NA,NA,NA,NA,NA,NA,NA,NA,NA,NA,NA,NA,NA,NA,NA,NA,NA,0.463177,0,NA,NA,0.448116,0,NA,NA,NA,NA,NA,NA,NA,NA,NA,NA,NA,NA,NA,NA,NA,NA,NA,NA,NA,NA,NA,NA,NA,NA,NA,NA
"79",2020-08-16,NA,NA,0.454725,0,0.108863,0,NA,NA,NA,NA,NA,NA,NA,NA,0.425806,0,NA,NA,NA,NA,NA,NA,0.447174,0,NA,NA,NA,NA,NA,NA,NA,NA,0.463229,0,NA,NA,0.214631,0,NA,NA,NA,NA,0.522609,0,NA,NA,0.54581,0,NA,NA,0.482786,0,NA,NA,0.34569,0,NA,NA,0.267899,0,NA,NA,NA,NA,0.35001,0,0.462639,0,NA,NA,0.488145,0,0.323129,0,0.448525,0,NA,NA,0.518718,0,NA,NA,0.497109,0,0.574377,0,NA,NA,NA,NA
"80",2020-08-21,0.517078,0,NA,NA,NA,NA,NA,NA,NA,NA,NA,NA,NA,NA,0.364788,0,NA,NA,0.5184,0,NA,NA,NA,NA,NA,NA,NA,NA,NA,NA,NA,NA,NA,NA,NA,NA,NA,NA,NA,NA,NA,NA,NA,NA,NA,NA,0.497407,0,NA,NA,NA,NA,NA,NA,NA,NA,NA,NA,NA,NA,NA,NA,0.422473,0,0.436128,0,NA,NA,NA,NA,NA,NA,NA,NA,NA,NA,NA,NA,NA,NA,NA,NA,NA,NA,0.600582,0,NA,NA,NA,NA
"81",2020-08-26,0.534563,0,0.438783,0,0.440361,0,0.519209,0,0.429995,0,0.485393,0,0.457223,0,0.346878,0,0.439943,0,0.52533,0,0.442429,0,0.410386,0,0.49854,0,0.389933,0,0.314034,0,0.294352,0,0.453079,0,0.457606,0,0.399273,0,0.580295,0,0.389578,0,0.516918,0,0.416794,0,0.509201,0,0.440322,0,0.459006,0,0.464958,0,0.479557,0,0.440441,0,0.426662,0,0.49174,0,0.435866,0,0.435796,0,0.441103,0,0.448621,0,0.453069,0,0.51439,0,0.44932,0,0.507469,0,0.505176,0,0.494205,0,0.484062,0,0.572241,0,0.463223,0,0.447322,0
"82",2020-08-31,0.517913,0,NA,NA,NA,NA,NA,NA,0.418587,0,0.474549,0,0.441112,0,0.308063,0,0.426175,0,0.515366,0,0.423639,0,0.395446,0,0.490502,0,0.37386,0,0.306448,0,0.2915,0,0.425686,0,0.444595,0,0.384675,0,0.553464,0,0.374982,0,0.469441,0,0.395722,0,0.495548,0,0.425132,0,0.420842,0,0.441725,0,0.462666,0,NA,NA,0.415874,0,0.488349,0,0.420529,0,0.430953,0,0.439505,0,0.465473,0,0.424761,0,0.493612,0,0.375168,0,0.4971,0,NA,NA,0.501476,0,0.449454,0,0.558356,0,0.447973,0,0.453283,0
"83",2020-09-05,NA,NA,NA,NA,NA,NA,NA,NA,NA,NA,NA,NA,NA,NA,NA,NA,NA,NA,NA,NA,NA,NA,NA,NA,NA,NA,NA,NA,NA,NA,NA,NA,NA,NA,NA,NA,NA,NA,NA,NA,NA,NA,NA,NA,NA,NA,NA,NA,NA,NA,NA,NA,NA,NA,NA,NA,NA,NA,NA,NA,NA,NA,NA,NA,NA,NA,NA,NA,NA,NA,0.343448,0,NA,NA,NA,NA,0.492865,0,NA,NA,NA,NA,NA,NA,0.58107,0,NA,NA,0.472869,0
"84",2020-09-10,0.564341,0,NA,NA,NA,NA,NA,NA,0.453223,0,NA,NA,0.450611,0,0.301382,0,0.438185,0,NA,NA,0.42318,0,NA,NA,NA,NA,0.372118,0,0.318881,0,0.291667,0,NA,NA,NA,NA,NA,NA,NA,NA,NA,NA,NA,NA,NA,NA,NA,NA,NA,NA,NA,NA,NA,NA,NA,NA,NA,NA,NA,NA,NA,NA,NA,NA,NA,NA,NA,NA,NA,NA,NA,NA,NA,NA,NA,NA,NA,NA,NA,NA,NA,NA,0.466958,0,NA,NA,NA,NA,NA,NA
"85",2020-09-15,0.50447,0,0.437387,0,NA,NA,NA,NA,0.405817,0,0.458024,0,NA,NA,0.245226,0,NA,NA,NA,NA,0.407154,0,0.384098,0,NA,NA,NA,NA,NA,NA,0.28333,0,NA,NA,NA,NA,0.365678,0,NA,NA,0.350739,0,0.424356,0,NA,NA,0.452763,0,0.457407,0,0.386734,0,NA,NA,0.478182,0,0.39884,0,0.416477,0,0.472983,0,NA,NA,0.429935,0,NA,NA,0.443149,0,0.361815,0,NA,NA,0.447219,0,0.453202,0,NA,NA,NA,NA,0.429978,0,0.510553,0,NA,NA,0.449789,0
"86",2020-09-20,0.515307,0,0.445376,0,0.449812,0,0.524308,0,0.417359,0,0.483365,0,0.431074,0,0.253879,0,0.422387,0,0.493048,0,0.399438,0,0.386805,0,0.506921,0,0.354279,0,0.311997,0,0.299664,0,0.407787,0,0.431956,0,0.368751,0,0.575537,0,0.341885,0,0.400451,0,0.394706,0,0.478617,0,0.453389,0,0.370513,0,0.413165,0,0.47407,0,0.389245,0,0.394731,0,0.489969,0,0.432689,0,0.443946,0,0.425065,0,0.425797,0,0.358203,0,0.512457,0,0.455156,0,0.464149,0,0.505388,0,0.484206,0,0.407547,0,0.497656,0,0.463087,0,0.474572,0
"87",2020-09-25,NA,NA,NA,NA,NA,NA,NA,NA,NA,NA,NA,NA,NA,NA,NA,NA,NA,NA,NA,NA,0.415767,0,NA,NA,NA,NA,NA,NA,NA,NA,NA,NA,NA,NA,NA,NA,NA,NA,NA,NA,NA,NA,NA,NA,NA,NA,NA,NA,NA,NA,NA,NA,NA,NA,NA,NA,NA,NA,NA,NA,NA,NA,NA,NA,NA,NA,NA,NA,NA,NA,NA,NA,NA,NA,NA,NA,NA,NA,NA,NA,NA,NA,NA,NA,NA,NA,NA,NA,0.496521,0
"88",2020-09-30,0.464754,0,0.409326,0,0.418779,0,0.496322,0,0.378772,0,0.460488,0,0.39325,0,0.214841,0,0.388762,0,0.428837,0,0.358391,0,0.350851,0,0.470033,0,0.323205,0,0.29071,0,0.278637,0,0.363773,0,0.392558,0,0.332092,0,0.542106,0,0.305393,0,0.342597,0,0.362056,0,0.450159,0,0.427647,0,0.325362,0,0.264463,0,0.453043,0,0.349688,0,0.351363,0,0.451318,0,NA,NA,0.423115,0,0.392288,0,0.380529,0,0.304617,0,NA,NA,0.434352,0,0.411914,0,NA,NA,0.452468,0,NA,NA,NA,NA,0.425158,0,0.455556,0
"89",2020-10-05,NA,NA,NA,NA,NA,NA,NA,NA,NA,NA,NA,NA,NA,NA,0.184733,0,NA,NA,NA,NA,NA,NA,NA,NA,NA,NA,NA,NA,NA,NA,NA,NA,0.370545,0,NA,NA,NA,NA,NA,NA,NA,NA,NA,NA,NA,NA,NA,NA,NA,NA,NA,NA,NA,NA,NA,NA,NA,NA,NA,NA,NA,NA,NA,NA,NA,NA,NA,NA,NA,NA,NA,NA,NA,NA,NA,NA,NA,NA,NA,NA,NA,NA,NA,NA,NA,NA,NA,NA,NA,NA
"90",2020-10-10,0.425333,0,NA,NA,NA,NA,NA,NA,NA,NA,NA,NA,NA,NA,0.223525,0,NA,NA,0.389392,0,NA,NA,0.329491,0,0.459218,0,NA,NA,NA,NA,NA,NA,0.347923,0,NA,NA,0.310902,0,0.515754,0,NA,NA,0.316804,0,NA,NA,NA,NA,NA,NA,NA,NA,NA,NA,0.338188,0,NA,NA,NA,NA,NA,NA,NA,NA,NA,NA,NA,NA,NA,NA,NA,NA,NA,NA,NA,NA,NA,NA,NA,NA,NA,NA,NA,NA,NA,NA,NA,NA,NA,NA
"91",2020-10-15,0.451482,0,0.404636,0,0.380628,0,NA,NA,0.354558,0,0.431801,0,0.403744,0,0.219863,0,0.378521,0,0.376445,0,0.370844,0,0.328845,0,0.442895,0,0.308645,0,0.277002,0,0.271706,0,0.332424,0,0.399875,0,0.309216,0,0.54463,0,0.315094,0,0.376153,0,0.350592,0,0.437245,0,0.428285,0,0.342154,0,0.384787,0,0.419383,0,0.384195,0,0.349908,0,0.43311,0,0.395993,0,0.396978,0,0.398743,0,0.393743,0,0.285824,0,0.48963,0,0.42598,0,0.429612,0,0.447127,0,0.406201,0,0.375273,0,0.438752,0,0.400187,0,0.447608,0
"92",2020-10-20,NA,NA,NA,NA,NA,NA,0.49378,0,NA,NA,NA,NA,NA,NA,NA,NA,NA,NA,NA,NA,NA,NA,NA,NA,NA,NA,NA,NA,NA,NA,NA,NA,NA,NA,NA,NA,NA,NA,NA,NA,NA,NA,0.39198,0,NA,NA,NA,NA,0.43793,0,NA,NA,NA,NA,0.462852,0,0.39398,0,0.371034,0,0.462081,0,0.386183,0,0.37049,0,NA,NA,NA,NA,0.277472,0,0.512065,0,0.443693,0,0.4451,0,NA,NA,0.461553,0,0.400558,0,0.415117,0,0.432532,0,0.480658,0
"93",2020-11-09,0.489998,0,0.45598,0,0.461567,0,NA,NA,0.406148,0,0.499106,0,0.431554,0,0.49228,0,0.435314,0,0.426034,0,0.402974,0,0.368449,0,NA,NA,0.412497,0,0.332007,0,0.296735,0,0.409341,0,0.413424,0,0.362872,0,0.538499,0,0.375505,0,0.522011,0,0.38841,0,0.433561,0,0.463015,0,0.40381,0,0.356698,0,0.456932,0,0.413281,0,0.387862,0,0.464938,0,NA,NA,0.423661,0,0.422804,0,NA,NA,0.452471,0,0.516359,0,0.456573,0,0.465774,0,NA,NA,0.492624,0,0.548456,0,0.482294,0,0.43542,0,0.490934,0
"94",2020-11-14,NA,NA,NA,NA,NA,NA,NA,NA,NA,NA,NA,NA,NA,NA,NA,NA,NA,NA,NA,NA,NA,NA,0.458726,0,NA,NA,NA,NA,0.372355,0,NA,NA,NA,NA,0.465039,0,NA,NA,NA,NA,0.200564,0,0.623918,0,NA,NA,0.491566,0,NA,NA,0.440468,0,NA,NA,0.480144,0,0.407379,0,NA,NA,NA,NA,NA,NA,0.283975,0,NA,NA,NA,NA,NA,NA,NA,NA,NA,NA,0.511893,0,NA,NA,NA,NA,NA,NA,NA,NA,NA,NA,0.538589,0
"95",2020-12-04,0.516889,0,NA,NA,NA,NA,NA,NA,NA,NA,NA,NA,NA,NA,0.642299,0,NA,NA,NA,NA,NA,NA,NA,NA,NA,NA,0.477926,0,NA,NA,NA,NA,NA,NA,NA,NA,NA,NA,NA,NA,NA,NA,NA,NA,NA,NA,NA,NA,NA,NA,0.515408,0,NA,NA,NA,NA,NA,NA,NA,NA,NA,NA,NA,NA,NA,NA,NA,NA,NA,NA,NA,NA,NA,NA,NA,NA,NA,NA,NA,NA,NA,NA,NA,NA,NA,NA,NA,NA,NA,NA
"96",2020-12-09,NA,NA,NA,NA,NA,NA,NA,NA,NA,NA,0.618979,0,NA,NA,NA,NA,NA,NA,NA,NA,NA,NA,NA,NA,NA,NA,NA,NA,NA,NA,NA,NA,NA,NA,NA,NA,NA,NA,NA,NA,NA,NA,NA,NA,NA,NA,NA,NA,NA,NA,NA,NA,NA,NA,NA,NA,NA,NA,NA,NA,NA,NA,NA,NA,NA,NA,0.518919,0,NA,NA,NA,NA,NA,NA,NA,NA,NA,NA,NA,NA,NA,NA,NA,NA,NA,NA,NA,NA,NA,NA
"97",2020-12-14,NA,NA,NA,NA,NA,NA,NA,NA,NA,NA,NA,NA,NA,NA,0.689807,0,NA,NA,NA,NA,NA,NA,NA,NA,NA,NA,0.602192,0,0.466945,0,NA,NA,NA,NA,NA,NA,NA,NA,NA,NA,NA,NA,0.757927,0,NA,NA,NA,NA,NA,NA,NA,NA,NA,NA,NA,NA,0.50946,0,NA,NA,NA,NA,NA,NA,NA,NA,NA,NA,NA,NA,0.635958,0,NA,NA,NA,NA,0.617764,0,NA,NA,NA,NA,0.664355,0,0.628163,0,0.545009,0,0.528374,0
"98",2020-12-19,NA,NA,NA,NA,NA,NA,NA,NA,NA,NA,NA,NA,NA,NA,NA,NA,NA,NA,NA,NA,NA,NA,NA,NA,NA,NA,NA,NA,NA,NA,NA,NA,NA,NA,NA,NA,NA,NA,NA,NA,NA,NA,NA,NA,NA,NA,NA,NA,NA,NA,NA,NA,NA,NA,NA,NA,NA,NA,NA,NA,NA,NA,NA,NA,NA,NA,NA,NA,NA,NA,NA,NA,NA,NA,NA,NA,NA,NA,NA,NA,NA,NA,0.671125,0,NA,NA,NA,NA,NA,NA
"99",2020-12-24,NA,NA,NA,NA,NA,NA,NA,NA,NA,NA,NA,NA,NA,NA,NA,NA,NA,NA,NA,NA,NA,NA,NA,NA,NA,NA,NA,NA,NA,NA,0.432746,0,NA,NA,NA,NA,NA,NA,NA,NA,NA,NA,NA,NA,NA,NA,NA,NA,NA,NA,NA,NA,NA,NA,NA,NA,NA,NA,NA,NA,NA,NA,NA,NA,NA,NA,0.463543,0,NA,NA,NA,NA,NA,NA,NA,NA,NA,NA,NA,NA,NA,NA,0.702376,0,NA,NA,0.548689,0,NA,NA
"100",2020-12-29,NA,NA,0.570195,0,0.532178,0,NA,NA,NA,NA,NA,NA,NA,NA,NA,NA,NA,NA,NA,NA,NA,NA,NA,NA,NA,NA,NA,NA,NA,NA,NA,NA,NA,NA,NA,NA,NA,NA,0.705221,0,NA,NA,NA,NA,NA,NA,NA,NA,NA,NA,NA,NA,NA,NA,NA,NA,NA,NA,NA,NA,NA,NA,NA,NA,NA,NA,NA,NA,NA,NA,0.671314,0,NA,NA,NA,NA,0.619972,0,NA,NA,NA,NA,NA,NA,NA,NA,NA,NA,NA,NA
"101",2021-01-03,NA,NA,0.451183,0,NA,NA,NA,NA,NA,NA,NA,NA,NA,NA,NA,NA,NA,NA,NA,NA,NA,NA,NA,NA,NA,NA,0.625811,0,NA,NA,NA,NA,NA,NA,0.546991,0,NA,NA,NA,NA,NA,NA,0.725581,0,NA,NA,NA,NA,NA,NA,NA,NA,NA,NA,NA,NA,NA,NA,NA,NA,0.549975,0,NA,NA,NA,NA,0.521164,0,0.533827,0,0.641119,0,0.555823,0,NA,NA,NA,NA,NA,NA,NA,NA,0.646645,0,0.626957,0,NA,NA,NA,NA
"102",2021-01-08,NA,NA,NA,NA,NA,NA,NA,NA,NA,NA,NA,NA,NA,NA,0.624825,0,NA,NA,0.554539,0,NA,NA,NA,NA,0.532318,0,NA,NA,NA,NA,NA,NA,NA,NA,NA,NA,NA,NA,NA,NA,NA,NA,0.654045,0,NA,NA,NA,NA,NA,NA,NA,NA,NA,NA,NA,NA,NA,NA,NA,NA,NA,NA,NA,NA,NA,NA,NA,NA,NA,NA,0.597891,0,NA,NA,NA,NA,0.587209,0,0.550031,0,NA,NA,NA,NA,NA,NA,0.480873,0,NA,NA
"103",2021-01-13,NA,NA,NA,NA,NA,NA,0.620251,0,NA,NA,NA,NA,0.44395,0,NA,NA,NA,NA,0.629273,0,0.516652,0,NA,NA,NA,NA,NA,NA,NA,NA,NA,NA,NA,NA,NA,NA,NA,NA,NA,NA,NA,NA,NA,NA,NA,NA,NA,NA,NA,NA,NA,NA,NA,NA,NA,NA,0.527607,0,NA,NA,NA,NA,NA,NA,NA,NA,NA,NA,0.550265,0,0.638873,0,NA,NA,NA,NA,NA,NA,0.654788,0,NA,NA,NA,NA,NA,NA,NA,NA,0.628009,0
"104",2021-01-18,0.615875,0,0.50615,0,0.54561,0,NA,NA,0.497607,0,0.598569,0,0.520087,0,0.635657,0,0.499487,0,0.583057,0,0.487758,0,0.519614,0,NA,NA,0.572987,0,0.45336,0,0.40486,0,0.560504,0,0.532624,0,0.483845,0,0.643952,0,0.556932,0,0.634417,0,0.566272,0,0.558398,0,0.513677,0,0.53919,0,0.580701,0,0.541359,0,0.514479,0,0.469469,0,0.506208,0,0.516465,0,0.474309,0,0.539463,0,0.505205,0,0.570426,0,NA,NA,0.473332,0,0.594744,0,0.597203,0,0.573548,0,0.647844,0,NA,NA,0.530876,0,0.595206,0
"105",2021-01-23,NA,NA,NA,NA,NA,NA,NA,NA,0.527976,0,NA,NA,NA,NA,NA,NA,NA,NA,NA,NA,NA,NA,NA,NA,NA,NA,NA,NA,NA,NA,NA,NA,NA,NA,NA,NA,NA,NA,NA,NA,NA,NA,NA,NA,NA,NA,NA,NA,NA,NA,NA,NA,NA,NA,NA,NA,NA,NA,NA,NA,NA,NA,NA,NA,NA,NA,NA,NA,NA,NA,NA,NA,NA,NA,NA,NA,NA,NA,NA,NA,NA,NA,NA,NA,NA,NA,0.577405,0,NA,NA
"106",2021-01-28,0.42157,0,NA,NA,NA,NA,NA,NA,NA,NA,NA,NA,0.516253,0,NA,NA,0.506369,0,NA,NA,0.499456,0,0.532762,0,NA,NA,NA,NA,NA,NA,NA,NA,0.559139,0,NA,NA,0.197074,0,0.578944,0,0.567942,0,NA,NA,NA,NA,0.555913,0,NA,NA,NA,NA,NA,NA,NA,NA,NA,NA,NA,NA,0.5189,0,NA,NA,NA,NA,NA,NA,0.449882,0,0.583103,0,NA,NA,NA,NA,0.614216,0,NA,NA,NA,NA,0.594854,0,0.636094,0,0.538255,0,0.575247,0
"107",2021-02-02,NA,NA,0.487409,0,0.500271,0,NA,NA,NA,NA,NA,NA,NA,NA,NA,NA,NA,NA,NA,NA,NA,NA,NA,NA,NA,NA,NA,NA,NA,NA,NA,NA,NA,NA,NA,NA,NA,NA,NA,NA,NA,NA,NA,NA,NA,NA,NA,NA,NA,NA,NA,NA,NA,NA,NA,NA,NA,NA,NA,NA,NA,NA,0.529733,0,NA,NA,0.51082,0,NA,NA,NA,NA,NA,NA,NA,NA,NA,NA,NA,NA,NA,NA,NA,NA,NA,NA,NA,NA,NA,NA
"108",2021-02-22,NA,NA,0.284403,0,NA,NA,NA,NA,NA,NA,NA,NA,NA,NA,NA,NA,NA,NA,NA,NA,NA,NA,NA,NA,NA,NA,NA,NA,NA,NA,NA,NA,NA,NA,NA,NA,NA,NA,NA,NA,0.577233,0,NA,NA,NA,NA,NA,NA,NA,NA,NA,NA,NA,NA,NA,NA,0.482431,0,NA,NA,NA,NA,NA,NA,NA,NA,0.309586,0,NA,NA,NA,NA,NA,NA,NA,NA,NA,NA,NA,NA,0.455639,0,NA,NA,0.592982,0,NA,NA,NA,NA
"109",2021-03-04,NA,NA,0.479033,0,0.505214,0,NA,NA,0.457308,0,0.554367,0,0.491989,0,0.563612,0,NA,NA,0.572763,0,0.478685,0,0.517195,0,NA,NA,NA,NA,0.436577,0,NA,NA,0.526175,0,NA,NA,0.468333,0,0.628665,0,0.561912,0,0.58562,0,NA,NA,0.539563,0,NA,NA,NA,NA,0.556026,0,NA,NA,0.495378,0,NA,NA,NA,NA,0.506853,0,0.466182,0,NA,NA,0.515888,0,0.57657,0,NA,NA,0.515266,0,0.598811,0,0.568958,0,NA,NA,0.590821,0,0.632292,0,0.55325,0,NA,NA
"110",2021-03-14,NA,NA,NA,NA,NA,NA,NA,NA,NA,NA,NA,NA,0.370138,0,NA,NA,NA,NA,NA,NA,NA,NA,NA,NA,NA,NA,0.526676,0,NA,NA,NA,NA,NA,NA,NA,NA,NA,NA,NA,NA,NA,NA,0.596688,0,NA,NA,NA,NA,NA,NA,NA,NA,NA,NA,NA,NA,NA,NA,NA,NA,NA,NA,NA,NA,NA,NA,NA,NA,NA,NA,0.557597,0,NA,NA,NA,NA,NA,NA,NA,NA,NA,NA,0.612735,0,0.570672,0,NA,NA,NA,NA
"111",2021-03-24,0.579754,0,0.469094,0,NA,NA,NA,NA,0.459551,0,0.541774,0,0.488486,0,NA,NA,NA,NA,NA,NA,0.45572,0,0.471267,0,0.53459,0,NA,NA,NA,NA,0.387501,0,0.475465,0,0.39288,0,NA,NA,NA,NA,0.511119,0,0.512062,0,0.491067,0,NA,NA,NA,NA,0.519342,0,NA,NA,NA,NA,NA,NA,0.461047,0,0.524335,0,NA,NA,NA,NA,NA,NA,0.497801,0,NA,NA,0.538474,0,NA,NA,0.542586,0,0.555465,0,NA,NA,0.559465,0,NA,NA,0.511434,0,NA,NA
"112",2021-03-29,0.531707,0,0.454237,0,0.478727,0,0.516007,0,0.43115,0,0.511446,0,0.436159,0,0.504977,0,0.434347,0,0.545511,0,0.409443,0,0.445471,0,0.516172,0,0.454165,0,0.393704,0,0.370025,0,0.449768,0,0.457501,0,0.399495,0,0.596247,0,0.491179,0,0.502853,0,0.458557,0,0.500843,0,0.448273,0,0.472906,0,0.508331,0,0.503564,0,0.468483,0,0.416557,0,0.513975,0,0.444319,0,0.441724,0,0.478137,0,0.474562,0,0.470842,0,0.520808,0,0.461732,0,0.518138,0,0.53092,0,0.511289,0,0.523475,0,0.534918,0,0.491839,0,0.474002,0
"113",2021-04-03,NA,NA,NA,NA,NA,NA,NA,NA,NA,NA,NA,NA,NA,NA,NA,NA,NA,NA,NA,NA,NA,NA,NA,NA,NA,NA,NA,NA,NA,NA,NA,NA,NA,NA,NA,NA,NA,NA,NA,NA,NA,NA,0.492526,0,NA,NA,NA,NA,NA,NA,NA,NA,NA,NA,0.536842,0,NA,NA,NA,NA,NA,NA,NA,NA,NA,NA,NA,NA,NA,NA,NA,NA,NA,NA,NA,NA,NA,NA,NA,NA,NA,NA,NA,NA,NA,NA,NA,NA,NA,NA
"114",2021-04-13,0.561605,0,0.451571,0,0.470776,0,0.517081,0,0.437731,0,0.507481,0,0.429589,0,0.518651,0,0.444138,0,0.567051,0,0.421978,0,0.444403,0,0.524972,0,0.481927,0,0.405802,0,0.387385,0,0.491698,0,0.457125,0,0.418335,0,0.598951,0,0.498706,0,0.551427,0,0.488793,0,0.506108,0,0.458688,0,0.484274,0,0.513196,0,0.524683,0,0.469946,0,0.426764,0,0.511573,0,0.458221,0,0.441132,0,0.474327,0,0.478211,0,0.528343,0,0.53706,0,0.46546,0,0.519982,0,0.532246,0,0.501948,0,0.530171,0,0.589887,0,0.49443,0,0.49512,0
"115",2021-04-18,0.548135,0,0.450329,0,0.456287,0,0.420274,0,0.43177,0,0.499427,0,0.425255,0,0.491045,0,0.415396,0,0.600675,0,0.405531,0,0.43238,0,0.538797,0,0.471233,0,0.392263,0,0.381876,0,0.4849,0,0.45037,0,0.41265,0,0.537584,0,0.495099,0,0.498856,0,0.474079,0,0.499092,0,0.429678,0,0.48081,0,0.381358,0,0.520821,0,0.440315,0,0.414791,0,0.518865,0,0.44103,0,0.431484,0,0.471967,0,0.427554,0,0.477046,0,0.529481,0,0.460075,0,0.497358,0,0.382188,0,0.489944,0,0.504621,0,0.556615,0,0.481824,0,0.487067,0
"116",2021-04-23,NA,NA,0.460515,0,0.467543,0,0.366305,0,0.461231,0,NA,NA,NA,NA,0.557121,0,NA,NA,NA,NA,NA,NA,NA,NA,NA,NA,0.519035,0,0.423334,0,NA,NA,0.493488,0,0.490576,0,NA,NA,NA,NA,0.530346,0,NA,NA,NA,NA,NA,NA,NA,NA,0.384379,0,NA,NA,NA,NA,NA,NA,NA,NA,0.524839,0,0.483887,0,NA,NA,0.478741,0,NA,NA,0.507175,0,NA,NA,NA,NA,0.512683,0,0.526374,0,NA,NA,0.520178,0,NA,NA,0.457585,0,NA,NA
"117",2021-04-28,NA,NA,NA,NA,NA,NA,NA,NA,NA,NA,NA,NA,NA,NA,NA,NA,NA,NA,NA,NA,NA,NA,0.427054,0,NA,NA,NA,NA,NA,NA,0.382518,0,NA,NA,0.41176,0,NA,NA,NA,NA,NA,NA,0.481411,0,NA,NA,NA,NA,NA,NA,0.475017,0,NA,NA,NA,NA,NA,NA,NA,NA,NA,NA,NA,NA,NA,NA,NA,NA,NA,NA,0.487503,0,NA,NA,NA,NA,NA,NA,NA,NA,NA,NA,NA,NA,NA,NA,NA,NA,NA,NA
"118",2021-05-08,NA,NA,0.442145,0,0.461119,0,NA,NA,NA,NA,NA,NA,NA,NA,NA,NA,0.465317,0,NA,NA,NA,NA,0.287169,0,0.56221,0,NA,NA,NA,NA,NA,NA,NA,NA,0.469851,0,NA,NA,NA,NA,NA,NA,NA,NA,NA,NA,NA,NA,NA,NA,NA,NA,NA,NA,NA,NA,NA,NA,NA,NA,NA,NA,NA,NA,NA,NA,0.467045,0,NA,NA,0.564899,0,NA,NA,NA,NA,0.591039,0,NA,NA,NA,NA,0.517081,0,NA,NA,NA,NA,NA,NA
"119",2021-05-13,0.516209,0,0.446507,0,0.463697,0,0.528101,0,0.441665,0,0.487332,0,0.441403,0,0.426092,0,0.432209,0,0.545013,0,0.423839,0,0.426394,0,0.512441,0,0.479556,0,0.414633,0,0.398228,0,0.47506,0,0.452349,0,0.372451,0,0.586643,0,0.498981,0,0.480646,0,0.473812,0,0.508417,0,0.451288,0,0.485451,0,NA,NA,0.52857,0,0.471747,0,0.419386,0,0.070205,0,0.442802,0,0.440709,0,0.467021,0,0.461134,0,0.460602,0,0.476717,0,0.470103,0,0.491901,0,0.5285,0,0.479701,0,0.504529,0,0.574414,0,0.486029,0,0.481488,0
"120",2021-05-23,NA,NA,0.421337,0,0.427879,0,NA,NA,0.410924,0,0.458966,0,0.401223,0,NA,NA,0.416065,0,NA,NA,0.394002,0,0.406773,0,NA,NA,0.438467,0,0.393441,0,0.385253,0,0.442654,0,0.434957,0,0.381741,0,NA,NA,NA,NA,NA,NA,0.43275,0,0.480723,0,NA,NA,0.443354,0,0.480727,0,NA,NA,NA,NA,0.411637,0,NA,NA,0.420672,0,0.422214,0,0.437666,0,0.430674,0,NA,NA,NA,NA,0.448396,0,NA,NA,0.494165,0,NA,NA,NA,NA,NA,NA,NA,NA,NA,NA
"121",2021-05-28,0.478315,0,0.422178,0,0.436337,0,0.454747,0,0.418703,0,0.467513,0,0.399142,0,0.345151,0,0.411113,0,0.506927,0,0.410804,0,0.401941,0,0.478004,0,0.454429,0,0.392501,0,0.383625,0,0.427181,0,0.436996,0,0.371847,0,0.573602,0,NA,NA,0.413955,0,0.428844,0,0.483908,0,0.422901,0,0.424842,0,0.476377,0,0.508362,0,0.450857,0,0.406101,0,0.484787,0,0.413951,0,0.420457,0,0.445441,0,0.427502,0,0.40224,0,0.511034,0,0.449859,0,0.449091,0,0.499132,0,0.468215,0,0.45464,0,0.497689,0,0.459574,0,0.447535,0
"122",2021-06-02,NA,NA,0.446827,0,NA,NA,NA,NA,NA,NA,NA,NA,NA,NA,0.36517,0,NA,NA,NA,NA,NA,NA,NA,NA,0.504305,0,0.473439,0,NA,NA,0.40086,0,NA,NA,0.477595,0,NA,NA,0.600766,0,NA,NA,0.422992,0,0.458084,0,0.449837,0,0.448493,0,0.438225,0,0.513785,0,0.527144,0,0.483819,0,NA,NA,0.470026,0,NA,NA,NA,NA,NA,NA,0.459567,0,0.305039,0,NA,NA,0.478527,0,NA,NA,NA,NA,NA,NA,NA,NA,0.532235,0,NA,NA,0.448952,0
"123",2021-06-12,NA,NA,0.400032,0,0.370776,0,NA,NA,0.39083,0,0.423013,0,0.367948,0,0.322524,0,0.384533,0,0.442963,0,0.357044,0,0.374021,0,NA,NA,0.41788,0,0.363606,0,0.365352,0,0.391743,0,0.411092,0,0.340692,0,NA,NA,0.425999,0,0.37433,0,0.399487,0,0.463615,0,0.439198,0,0.375458,0,0.451952,0,NA,NA,0.432148,0,0.379824,0,NA,NA,0.391396,0,0.396602,0,0.432182,0,0.409597,0,0.347216,0,0.53645,0,0.443068,0,0.426069,0,0.473242,0,0.279615,0,0.426856,0,0.497839,0,0.452436,0,0.445431,0
"124",2021-06-22,0.433692,0,NA,NA,NA,NA,0.468846,0,0.394908,0,NA,NA,0.384085,0,0.310147,0,0.392699,0,0.434756,0,0.363555,0,0.384146,0,0.457196,0,0.42498,0,0.369484,0,0.3735,0,0.396548,0,0.431522,0,0.344854,0,0.552612,0,0.448315,0,0.358704,0,0.403656,0,0.476296,0,0.410766,0,0.371782,0,0.474382,0,0.484486,0,0.462747,0,0.388975,0,0.449772,0,NA,NA,0.411478,0,0.438877,0,NA,NA,0.326055,0,0.482869,0,0.454741,0,0.411865,0,0.502913,0,NA,NA,NA,NA,0.508679,0,0.443905,0,0.435326,0
"125",2021-07-12,0.421878,0,0.43074,0,NA,NA,0.453769,0,NA,NA,NA,NA,NA,NA,0.265376,0,NA,NA,0.43623,0,0.359847,0,0.393978,0,0.486298,0,0.410008,0,0.376841,0,NA,NA,0.385129,0,0.455565,0,0.346346,0,0.570619,0,NA,NA,0.390515,0,0.348255,0,0.491686,0,0.416925,0,0.362735,0,NA,NA,0.481038,0,NA,NA,0.384918,0,0.467356,0,NA,NA,0.411848,0,NA,NA,0.449331,0,0.290174,0,0.522134,0,NA,NA,0.394371,0,0.536327,0,0.461891,0,0.401651,0,0.458175,0,0.458047,0,0.425423,0
"126",2021-07-17,NA,NA,NA,NA,NA,NA,NA,NA,NA,NA,0.473548,0,NA,NA,0.270739,0,0.436483,0,NA,NA,NA,NA,0.404524,0,NA,NA,0.444788,0,0.350134,0,NA,NA,NA,NA,NA,NA,NA,NA,0.606249,0,NA,NA,0.305164,0,0.384102,0,NA,NA,0.344769,0,NA,NA,NA,NA,0.304168,0,NA,NA,NA,NA,NA,NA,NA,NA,NA,NA,NA,NA,NA,NA,0.309057,0,0.530421,0,NA,NA,NA,NA,NA,NA,NA,NA,0.4289,0,NA,NA,0.412377,0,NA,NA
"127",2021-07-22,NA,NA,NA,NA,NA,NA,NA,NA,NA,NA,NA,NA,NA,NA,0.245387,0,NA,NA,0.444097,0,NA,NA,0.353407,0,NA,NA,NA,NA,NA,NA,0.362963,0,NA,NA,0.247802,0,0.355513,0,NA,NA,NA,NA,0.381836,0,NA,NA,0.495747,0,NA,NA,NA,NA,NA,NA,0.542072,0,NA,NA,NA,NA,NA,NA,NA,NA,NA,NA,NA,NA,NA,NA,NA,NA,NA,NA,NA,NA,NA,NA,NA,NA,NA,NA,NA,NA,NA,NA,NA,NA,NA,NA
"128",2021-07-27,NA,NA,NA,NA,0.293438,0,NA,NA,NA,NA,NA,NA,NA,NA,0.233716,0,NA,NA,NA,NA,NA,NA,NA,NA,NA,NA,NA,NA,NA,NA,NA,NA,NA,NA,NA,NA,0.379046,0,NA,NA,NA,NA,0.397748,0,NA,NA,NA,NA,NA,NA,NA,NA,NA,NA,NA,NA,NA,NA,NA,NA,NA,NA,NA,NA,NA,NA,NA,NA,0.427697,0,0.178138,0,0.436196,0,NA,NA,NA,NA,NA,NA,NA,NA,NA,NA,NA,NA,NA,NA,NA,NA
"129",2021-08-11,0.461885,0,0.395979,0,0.399523,0,0.443103,0,0.352041,0,0.431343,0,0.349312,0,0.205127,0,0.382948,0,0.387943,0,0.319455,0,0.356057,0,0.450746,0,0.380745,0,0.352231,0,0.348106,0,0.336604,0,0.389205,0,0.304457,0,0.53741,0,0.350722,0,0.372013,0,0.392979,0,0.465683,0,0.408466,0,0.310404,0,0.432214,0,0.452169,0,0.431089,0,0.360583,0,0.434119,0,0.382263,0,0.389688,0,0.407967,0,0.414083,0,0.261111,0,0.501432,0,0.425087,0,0.388827,0,0.474987,0,0.428789,0,0.365545,0,0.433691,0,0.427878,0,0.422178,0
"130",2021-08-16,NA,NA,NA,NA,NA,NA,NA,NA,NA,NA,NA,NA,NA,NA,NA,NA,NA,NA,NA,NA,NA,NA,NA,NA,NA,NA,NA,NA,NA,NA,NA,NA,NA,NA,NA,NA,NA,NA,NA,NA,NA,NA,NA,NA,NA,NA,NA,NA,NA,NA,NA,NA,NA,NA,NA,NA,NA,NA,NA,NA,0.446834,0,NA,NA,NA,NA,NA,NA,NA,NA,NA,NA,NA,NA,NA,NA,NA,NA,NA,NA,NA,NA,NA,NA,NA,NA,0.453406,0,NA,NA
"131",2021-08-21,NA,NA,NA,NA,NA,NA,NA,NA,NA,NA,NA,NA,0.371583,0,NA,NA,0.402273,0,NA,NA,NA,NA,NA,NA,NA,NA,NA,NA,NA,NA,NA,NA,NA,NA,NA,NA,NA,NA,NA,NA,NA,NA,NA,NA,NA,NA,NA,NA,NA,NA,NA,NA,NA,NA,NA,NA,NA,NA,NA,NA,NA,NA,NA,NA,NA,NA,NA,NA,NA,NA,NA,NA,NA,NA,NA,NA,NA,NA,NA,NA,NA,NA,NA,NA,0.422622,0,NA,NA,NA,NA
"132",2021-09-05,0.457386,0,0.25128,0,0.428724,0,0.134972,0,0.345731,0,0.460677,0,0.360764,0,0.211,0,0.386558,0,0.368381,0,0.340568,0,0.355811,0,0.454154,0,0.387023,0,0.349468,0,0.338641,0,0.368386,0,0.39604,0,0.319013,0,0.343017,0,0.339588,0,NA,NA,0.406504,0,0.455313,0,0.416121,0,0.365877,0,0.425953,0,0.443125,0,0.432974,0,0.379989,0,NA,NA,0.367778,0,0.403964,0,0.415297,0,0.377559,0,NA,NA,0.497732,0,0.429627,0,NA,NA,NA,NA,0.397011,0,0.377578,0,0.397397,0,NA,NA,0.450592,0
"133",2021-09-10,0.471218,0,0.391809,0,0.405394,0,NA,NA,0.357022,0,0.464088,0,0.344994,0,NA,NA,0.37093,0,NA,NA,0.316583,0,0.360247,0,0.458948,0,0.362156,0,0.347299,0,0.339605,0,0.342203,0,0.379964,0,0.325453,0,0.525586,0,0.315638,0,0.28575,0,0.407155,0,0.449655,0,0.425171,0,0.362786,0,0.393183,0,0.46475,0,0.422387,0,0.340644,0,NA,NA,0.355066,0,0.331088,0,0.420622,0,0.405803,0,NA,NA,0.532405,0,0.441377,0,NA,NA,NA,NA,NA,NA,0.415115,0,0.443432,0,0.434877,0,NA,NA
"134",2021-09-15,0.414849,0,0.365614,0,0.372103,0,0.429887,0,0.341078,0,0.453816,0,0.335106,0,0.213393,0,0.351977,0,0.361725,0,0.293423,0,0.342912,0,0.426864,0,0.341115,0,0.331511,0,0.325869,0,0.314704,0,0.360804,0,0.29964,0,0.510276,0,0.30181,0,0.339879,0,0.377184,0,0.426186,0,0.406171,0,0.321124,0,0.383948,0,0.441055,0,0.400593,0,0.314343,0,0.438396,0,0.339742,0,0.357594,0,0.387819,0,0.375651,0,0.434974,0,0.487625,0,0.410369,0,0.457025,0,0.450414,0,0.425776,0,0.452417,0,0.452406,0,0.411615,0,0.453566,0
"135",2021-09-20,0.366095,0,NA,NA,NA,NA,NA,NA,0.319204,0,0.431054,0,0.248836,0,0.197507,0,NA,NA,0.348157,0,NA,NA,0.326312,0,0.401587,0,0.337929,0,0.316636,0,0.313967,0,0.295791,0,NA,NA,0.271775,0,0.485635,0,NA,NA,0.308016,0,0.357895,0,NA,NA,0.391138,0,0.280865,0,NA,NA,0.41419,0,NA,NA,NA,NA,0.424984,0,NA,NA,NA,NA,NA,NA,NA,NA,NA,NA,NA,NA,NA,NA,NA,NA,NA,NA,0.422766,0,0.506204,0,NA,NA,0.401645,0,NA,NA
"136",2021-09-30,0.366197,0,0.347947,0,0.347226,0,0.374066,0,0.305737,0,0.430314,0,0.314588,0,0.192405,0,0.333069,0,0.331285,0,0.265386,0,0.314889,0,0.362299,0,0.324623,0,0.304774,0,0.304782,0,0.290811,0,0.330261,0,0.263316,0,0.474915,0,0.277699,0,0.288215,0,0.352215,0,0.393406,0,0.39135,0,0.2621,0,0.352814,0,0.40608,0,0.363259,0,0.288358,0,0.407672,0,0.313709,0,0.33825,0,0.36315,0,0.354312,0,0.538696,0,0.483485,0,0.384257,0,0.525933,0,0.436364,0,0.391872,0,0.46354,0,0.42576,0,0.389144,0,0.498563,0
"137",2021-10-05,0.367558,0,0.346459,0,0.339715,0,0.352472,0,0.30619,0,0.439623,0,0.321227,0,0.197536,0,0.330496,0,0.332863,0,0.266454,0,0.318072,0,0.365354,0,0.329694,0,0.307998,0,0.313048,0,0.288942,0,0.333792,0,0.264402,0,0.476384,0,0.279105,0,0.288512,0,0.353311,0,0.395519,0,0.390829,0,0.258651,0,0.351006,0,0.402055,0,0.357992,0,0.281852,0,0.412206,0,0.310346,0,0.332319,0,0.356021,0,0.345479,0,0.514387,0,0.498079,0,0.36814,0,0.557856,0,0.431343,0,0.382482,0,0.46461,0,0.417053,0,0.391028,0,0.539115,0
"138",2021-10-10,NA,NA,NA,NA,NA,NA,NA,NA,NA,NA,NA,NA,NA,NA,NA,NA,NA,NA,NA,NA,NA,NA,NA,NA,NA,NA,NA,NA,NA,NA,NA,NA,NA,NA,NA,NA,NA,NA,NA,NA,NA,NA,NA,NA,NA,NA,NA,NA,NA,NA,NA,NA,NA,NA,NA,NA,NA,NA,NA,NA,NA,NA,NA,NA,NA,NA,NA,NA,NA,NA,0.006687,0,-0.050599,0,NA,NA,NA,NA,NA,NA,NA,NA,NA,NA,NA,NA,NA,NA,NA,NA
"139",2021-10-20,NA,NA,NA,NA,NA,NA,NA,NA,NA,NA,NA,NA,NA,NA,NA,NA,NA,NA,NA,NA,NA,NA,NA,NA,NA,NA,NA,NA,NA,NA,NA,NA,NA,NA,NA,NA,NA,NA,NA,NA,NA,NA,0.419479,0,NA,NA,NA,NA,NA,NA,NA,NA,NA,NA,NA,NA,NA,NA,NA,NA,NA,NA,NA,NA,NA,NA,NA,NA,NA,NA,NA,NA,NA,NA,NA,NA,NA,NA,NA,NA,NA,NA,NA,NA,NA,NA,NA,NA,NA,NA
"140",2021-11-04,0.481697,0,NA,NA,NA,NA,0.3269,0,NA,NA,NA,NA,NA,NA,0.61567,0,NA,NA,0.530105,0,NA,NA,NA,NA,NA,NA,NA,NA,NA,NA,0.396019,0,0.439125,0,NA,NA,NA,NA,NA,NA,NA,NA,0.689298,0,NA,NA,NA,NA,NA,NA,NA,NA,NA,NA,NA,NA,NA,NA,NA,NA,NA,NA,NA,NA,NA,NA,0.440631,0,0.519573,0,0.598294,0,NA,NA,NA,NA,NA,NA,NA,NA,NA,NA,NA,NA,NA,NA,NA,NA,NA,NA
"141",2021-11-19,NA,NA,0.479495,0,NA,NA,NA,NA,NA,NA,NA,NA,NA,NA,NA,NA,0.502383,0,NA,NA,NA,NA,NA,NA,NA,NA,NA,NA,NA,NA,NA,NA,NA,NA,NA,NA,NA,NA,NA,NA,NA,NA,NA,NA,NA,NA,NA,NA,NA,NA,NA,NA,NA,NA,NA,NA,NA,NA,NA,NA,NA,NA,NA,NA,NA,NA,NA,NA,0.505152,0,0.612009,0,NA,NA,NA,NA,NA,NA,NA,NA,NA,NA,NA,NA,NA,NA,NA,NA,NA,NA
"142",2021-11-24,0.538076,0,0.47191,0,0.475501,0,0.53414,0,0.43183,0,0.54274,0,0.444458,0,0.657766,0,0.453198,0,0.557288,0,0.411533,0,0.470819,0,0.449605,0,NA,NA,NA,NA,0.456457,0,0.473019,0,0.457048,0,0.401601,0,0.562691,0,0.511116,0,0.695237,0,0.45609,0,0.50427,0,0.460521,0,0.490249,0,0.484917,0,0.493303,0,0.46488,0,0.409367,0,0.457546,0,NA,NA,0.400905,0,0.47056,0,0.467366,0,0.560728,0,0.269924,0,0.44873,0,0.568024,0,0.539437,0,0.519783,0,0.60568,0,0.554829,0,0.442565,0,0.548974,0
"143",2021-12-14,0.377017,0,NA,NA,NA,NA,NA,NA,NA,NA,NA,NA,NA,NA,0.517647,0,NA,NA,NA,NA,NA,NA,NA,NA,NA,NA,NA,NA,NA,NA,NA,NA,0.479355,0,NA,NA,0.26165,0,0.439327,0,0.578826,0,NA,NA,NA,NA,0.547772,0,0.322459,0,0.467569,0,0.459198,0,NA,NA,NA,NA,NA,NA,NA,NA,NA,NA,NA,NA,NA,NA,NA,NA,NA,NA,NA,NA,NA,NA,NA,NA,NA,NA,NA,NA,NA,NA,NA,NA,NA,NA,NA,NA
