"","date","EVI_hectareID_27","EVI_sd_hectareID_27","EVI_hectareID_26","EVI_sd_hectareID_26","EVI_hectareID_17","EVI_sd_hectareID_17","EVI_hectareID_24","EVI_sd_hectareID_24","EVI_hectareID_09","EVI_sd_hectareID_09","EVI_hectareID_11","EVI_sd_hectareID_11","EVI_hectareID_31","EVI_sd_hectareID_31","EVI_hectareID_07","EVI_sd_hectareID_07","EVI_hectareID_08","EVI_sd_hectareID_08","EVI_hectareID_12","EVI_sd_hectareID_12","EVI_hectareID_24","EVI_sd_hectareID_24","EVI_hectareID_25","EVI_sd_hectareID_25","EVI_hectareID_28","EVI_sd_hectareID_28","EVI_hectareID_18","EVI_sd_hectareID_18","EVI_hectareID_03","EVI_sd_hectareID_03","EVI_hectareID_30","EVI_sd_hectareID_30","EVI_hectareID_14","EVI_sd_hectareID_14","EVI_hectareID_04","EVI_sd_hectareID_04","EVI_hectareID_06","EVI_sd_hectareID_06","EVI_hectareID_20","EVI_sd_hectareID_20","EVI_hectareID_23","EVI_sd_hectareID_23","EVI_hectareID_05","EVI_sd_hectareID_05","EVI_hectareID_16","EVI_sd_hectareID_16","EVI_hectareID_01","EVI_sd_hectareID_01","EVI_hectareID_21","EVI_sd_hectareID_21","EVI_hectareID_02","EVI_sd_hectareID_02","EVI_hectareID_15","EVI_sd_hectareID_15","EVI_hectareID_13","EVI_sd_hectareID_13","EVI_hectareID_22","EVI_sd_hectareID_22","EVI_hectareID_19","EVI_sd_hectareID_19","EVI_hectareID_10","EVI_sd_hectareID_10","EVI_hectareID_29","EVI_sd_hectareID_29"
"1",2018-12-17,NA,NA,NA,NA,NA,NA,0.610358,0,NA,NA,NA,NA,0.580616,0,NA,NA,0.624177,0,NA,NA,NA,NA,NA,NA,NA,NA,NA,NA,0.726593,0,0.596769,0,NA,NA,NA,NA,NA,NA,NA,NA,NA,NA,NA,NA,0.634875,0,0.688322,0,NA,NA,NA,NA,0.612509,0,NA,NA,0.637818,0,NA,NA,NA,NA,0.555228,0
"2",2018-12-22,NA,NA,NA,NA,NA,NA,NA,NA,NA,NA,NA,NA,NA,NA,NA,NA,NA,NA,NA,NA,NA,NA,NA,NA,NA,NA,NA,NA,NA,NA,NA,NA,NA,NA,NA,NA,NA,NA,NA,NA,NA,NA,NA,NA,NA,NA,NA,NA,NA,NA,NA,NA,NA,NA,NA,NA,NA,NA,NA,NA,NA,NA,0.619487,0
"3",2019-01-01,NA,NA,NA,NA,NA,NA,NA,NA,NA,NA,NA,NA,0.630533,0,NA,NA,NA,NA,NA,NA,NA,NA,NA,NA,NA,NA,NA,NA,NA,NA,NA,NA,NA,NA,NA,NA,NA,NA,NA,NA,NA,NA,NA,NA,NA,NA,NA,NA,NA,NA,NA,NA,NA,NA,NA,NA,0.65902,0,NA,NA,NA,NA,NA,NA
"4",2019-01-06,NA,NA,NA,NA,NA,NA,NA,NA,0.705242,0,0.616351,0,NA,NA,NA,NA,NA,NA,NA,NA,NA,NA,NA,NA,NA,NA,NA,NA,NA,NA,NA,NA,NA,NA,NA,NA,NA,NA,NA,NA,NA,NA,NA,NA,0.645609,0,NA,NA,NA,NA,NA,NA,0.648164,0,NA,NA,NA,NA,NA,NA,NA,NA,NA,NA
"5",2019-01-21,0.626186,0,NA,NA,0.649245,0,NA,NA,NA,NA,NA,NA,0.630918,0,NA,NA,NA,NA,NA,NA,0.612281,0,0.654269,0,NA,NA,NA,NA,NA,NA,0.619908,0,NA,NA,NA,NA,NA,NA,0.605786,0,NA,NA,NA,NA,NA,NA,NA,NA,0.622587,0,NA,NA,NA,NA,NA,NA,NA,NA,NA,NA,NA,NA,NA,NA
"6",2019-01-26,NA,NA,NA,NA,NA,NA,NA,NA,NA,NA,NA,NA,NA,NA,NA,NA,NA,NA,NA,NA,NA,NA,NA,NA,NA,NA,NA,NA,0.762623,0,NA,NA,NA,NA,0.766904,0,NA,NA,NA,NA,NA,NA,NA,NA,NA,NA,NA,NA,NA,NA,NA,NA,NA,NA,NA,NA,NA,NA,NA,NA,NA,NA,0.60539,0
"7",2019-01-31,NA,NA,NA,NA,0.633534,0,0.610568,0,NA,NA,NA,NA,0.619794,0,0.749327,0,0.681235,0,0.623211,0,0.601467,0,NA,NA,0.590904,0,NA,NA,0.716759,0,0.583068,0,NA,NA,NA,NA,NA,NA,0.597263,0,NA,NA,NA,NA,NA,NA,NA,NA,0.612566,0,NA,NA,NA,NA,NA,NA,0.652695,0,NA,NA,NA,NA,0.579985,0
"8",2019-02-05,NA,NA,NA,NA,NA,NA,0.621207,0,NA,NA,NA,NA,NA,NA,NA,NA,0.40238,0,NA,NA,0.600105,0,NA,NA,NA,NA,NA,NA,NA,NA,NA,NA,NA,NA,NA,NA,0.664874,0,NA,NA,0.418886,0,0.657763,0,NA,NA,0.584025,0,NA,NA,0.686421,0,NA,NA,NA,NA,0.629559,0,NA,NA,NA,NA,NA,NA
"9",2019-02-10,NA,NA,NA,NA,NA,NA,NA,NA,0.668917,0,0.181344,0,NA,NA,NA,NA,0.662578,0,NA,NA,NA,NA,NA,NA,NA,NA,NA,NA,NA,NA,NA,NA,NA,NA,NA,NA,0.692997,0,NA,NA,NA,NA,0.671243,0,0.5539,0,0.264249,0,NA,NA,NA,NA,NA,NA,NA,NA,NA,NA,NA,NA,NA,NA,NA,NA
"10",2019-02-15,NA,NA,NA,NA,NA,NA,NA,NA,NA,NA,NA,NA,NA,NA,0.793196,0,NA,NA,NA,NA,NA,NA,NA,NA,NA,NA,NA,NA,NA,NA,NA,NA,NA,NA,NA,NA,NA,NA,NA,NA,NA,NA,NA,NA,NA,NA,NA,NA,NA,NA,NA,NA,NA,NA,NA,NA,NA,NA,NA,NA,NA,NA,NA,NA
"11",2019-02-20,0.572522,0,0.499899,0,0.565729,0,0.553578,0,0.596705,0,0.550486,0,0.588663,0,0.656621,0,NA,NA,0.557314,0,0.537471,0,0.575457,0,0.566622,0,0.528603,0,0.636111,0,0.577869,0,0.57427,0,0.668117,0,0.623873,0,0.535106,0,0.532459,0,0.602993,0,0.598883,0,0.637072,0,0.553038,0,0.614079,0,0.567435,0,0.5556,0,0.584426,0,0.558692,0,0.555139,0,0.556799,0
"12",2019-02-25,0.538331,0,0.483044,0,0.545745,0,0.53732,0,0.577917,0,0.530631,0,NA,NA,0.63379,0,0.577688,0,0.534941,0,0.522479,0,0.562708,0,0.556616,0,0.515008,0,0.611766,0,0.554552,0,0.550427,0,0.63468,0,0.59879,0,0.516298,0,0.518325,0,0.587932,0,0.584221,0,0.600379,0,0.534019,0,0.5913,0,0.543673,0,0.528307,0,0.565207,0,0.543287,0,0.535526,0,0.410866,0
"13",2019-03-02,0.619091,0,0.535233,0,NA,NA,0.592811,0,NA,NA,NA,NA,0.630402,0,NA,NA,NA,NA,0.654878,0,NA,NA,0.246505,0,NA,NA,0.584838,0,NA,NA,0.604966,0,NA,NA,NA,NA,NA,NA,NA,NA,NA,NA,NA,NA,NA,NA,NA,NA,NA,NA,NA,NA,NA,NA,NA,NA,0.327301,0,NA,NA,NA,NA,NA,NA
"14",2019-03-12,NA,NA,NA,NA,NA,NA,NA,NA,NA,NA,NA,NA,NA,NA,NA,NA,NA,NA,NA,NA,NA,NA,NA,NA,NA,NA,0.501661,0,NA,NA,0.663682,0,NA,NA,0.709789,0,NA,NA,NA,NA,NA,NA,0.630902,0,NA,NA,NA,NA,NA,NA,NA,NA,NA,NA,NA,NA,NA,NA,NA,NA,NA,NA,NA,NA
"15",2019-03-17,0.584349,0,NA,NA,NA,NA,NA,NA,NA,NA,0.230903,0,NA,NA,NA,NA,NA,NA,0.533426,0,NA,NA,NA,NA,0.603767,0,NA,NA,NA,NA,NA,NA,NA,NA,0.691155,0,0.443027,0,NA,NA,0.539501,0,0.344411,0,NA,NA,NA,NA,NA,NA,NA,NA,0.578929,0,NA,NA,NA,NA,NA,NA,NA,NA,NA,NA
"16",2019-03-27,NA,NA,NA,NA,NA,NA,0.58933,0,NA,NA,NA,NA,NA,NA,NA,NA,NA,NA,NA,NA,NA,NA,NA,NA,NA,NA,NA,NA,NA,NA,NA,NA,NA,NA,NA,NA,NA,NA,NA,NA,0.574488,0,NA,NA,NA,NA,NA,NA,NA,NA,NA,NA,NA,NA,NA,NA,0.611279,0,NA,NA,NA,NA,NA,NA
"17",2019-04-01,0.552246,0,NA,NA,NA,NA,NA,NA,NA,NA,NA,NA,NA,NA,NA,NA,NA,NA,NA,NA,NA,NA,NA,NA,NA,NA,NA,NA,NA,NA,NA,NA,NA,NA,NA,NA,NA,NA,NA,NA,NA,NA,NA,NA,NA,NA,NA,NA,NA,NA,0.709045,0,NA,NA,NA,NA,NA,NA,NA,NA,NA,NA,NA,NA
"18",2019-04-06,NA,NA,NA,NA,0.647257,0,NA,NA,NA,NA,NA,NA,NA,NA,NA,NA,NA,NA,NA,NA,NA,NA,NA,NA,NA,NA,NA,NA,NA,NA,NA,NA,NA,NA,NA,NA,NA,NA,NA,NA,NA,NA,NA,NA,0.636326,0,NA,NA,NA,NA,0.665047,0,NA,NA,NA,NA,NA,NA,NA,NA,NA,NA,NA,NA
"19",2019-04-16,NA,NA,NA,NA,NA,NA,NA,NA,NA,NA,NA,NA,NA,NA,NA,NA,NA,NA,NA,NA,NA,NA,NA,NA,NA,NA,NA,NA,NA,NA,NA,NA,NA,NA,NA,NA,NA,NA,NA,NA,NA,NA,0.703548,0,NA,NA,NA,NA,NA,NA,NA,NA,NA,NA,NA,NA,NA,NA,NA,NA,NA,NA,NA,NA
"20",2019-04-21,NA,NA,NA,NA,NA,NA,NA,NA,NA,NA,NA,NA,NA,NA,NA,NA,NA,NA,NA,NA,NA,NA,NA,NA,NA,NA,NA,NA,NA,NA,NA,NA,NA,NA,NA,NA,NA,NA,NA,NA,NA,NA,NA,NA,NA,NA,NA,NA,0.282355,0,NA,NA,NA,NA,NA,NA,NA,NA,NA,NA,NA,NA,NA,NA
"21",2019-04-26,NA,NA,0.131382,0,NA,NA,NA,NA,NA,NA,NA,NA,NA,NA,0.74567,0,NA,NA,NA,NA,NA,NA,0.627674,0,NA,NA,NA,NA,NA,NA,NA,NA,NA,NA,NA,NA,NA,NA,NA,NA,NA,NA,NA,NA,NA,NA,NA,NA,NA,NA,NA,NA,NA,NA,NA,NA,NA,NA,NA,NA,NA,NA,NA,NA
"22",2019-05-01,NA,NA,0.588835,0,NA,NA,NA,NA,NA,NA,0.570128,0,NA,NA,NA,NA,NA,NA,NA,NA,NA,NA,NA,NA,NA,NA,NA,NA,NA,NA,NA,NA,NA,NA,NA,NA,NA,NA,NA,NA,NA,NA,NA,NA,NA,NA,NA,NA,NA,NA,NA,NA,NA,NA,NA,NA,NA,NA,NA,NA,NA,NA,NA,NA
"23",2019-05-11,NA,NA,NA,NA,0.436647,0,0.585511,0,0.561783,0,0.508629,0,NA,NA,0.628225,0,0.607038,0,0.531531,0,NA,NA,NA,NA,NA,NA,NA,NA,NA,NA,NA,NA,0.582334,0,0.640138,0,0.569664,0,NA,NA,NA,NA,0.576215,0,0.588012,0,0.609149,0,NA,NA,NA,NA,0.550512,0,0.535043,0,0.610467,0,NA,NA,NA,NA,NA,NA
"24",2019-05-21,NA,NA,NA,NA,0.598847,0,0.6123,0,0.594128,0,0.545274,0,NA,NA,0.6687,0,NA,NA,0.561219,0,NA,NA,NA,NA,NA,NA,NA,NA,NA,NA,NA,NA,0.601314,0,NA,NA,NA,NA,NA,NA,NA,NA,NA,NA,NA,NA,NA,NA,NA,NA,NA,NA,NA,NA,NA,NA,0.621015,0,NA,NA,NA,NA,NA,NA
"25",2019-05-26,0.513805,0,0.498887,0,0.517712,0,0.512655,0,0.519868,0,0.481689,0,0.544268,0,0.595969,0,0.530015,0,0.500924,0,0.492237,0,0.45146,0,0.524252,0,0.509185,0,0.565619,0,0.535046,0,0.532327,0,0.623571,0,0.54347,0,0.526841,0,0.481157,0,0.558781,0,0.549321,0,0.559027,0,0.525318,0,0.557351,0,0.528462,0,0.48502,0,0.546447,0,0.534418,0,0.48667,0,0.509347,0
"26",2019-05-31,NA,NA,0.567957,0,0.571348,0,0.568956,0,0.607056,0,0.508402,0,0.566742,0,NA,NA,NA,NA,0.533514,0,0.512868,0,NA,NA,NA,NA,NA,NA,NA,NA,NA,NA,NA,NA,0.66134,0,NA,NA,0.580402,0,0.549207,0,0.287486,0,0.168624,0,0.620909,0,0.588049,0,NA,NA,0.53746,0,NA,NA,NA,NA,0.593382,0,0.533957,0,NA,NA
"27",2019-06-10,0.596627,0,NA,NA,0.61389,0,0.591087,0,NA,NA,NA,NA,NA,NA,NA,NA,NA,NA,NA,NA,NA,NA,NA,NA,NA,NA,NA,NA,NA,NA,0.596172,0,NA,NA,NA,NA,NA,NA,NA,NA,NA,NA,NA,NA,NA,NA,0.632982,0,NA,NA,NA,NA,NA,NA,NA,NA,NA,NA,NA,NA,NA,NA,NA,NA
"28",2019-06-20,NA,NA,NA,NA,NA,NA,NA,NA,NA,NA,NA,NA,NA,NA,NA,NA,NA,NA,NA,NA,0.55075,0,NA,NA,NA,NA,0.560852,0,NA,NA,0.528716,0,NA,NA,NA,NA,NA,NA,NA,NA,NA,NA,NA,NA,NA,NA,NA,NA,NA,NA,NA,NA,NA,NA,NA,NA,0.594059,0,NA,NA,NA,NA,NA,NA
"29",2019-06-25,0.53157,0,0.49367,0,0.52584,0,0.526778,0,0.534863,0,0.483488,0,0.559515,0,0.589608,0,0.55119,0,0.499553,0,0.501448,0,0.526192,0,0.536796,0,0.506462,0,0.589499,0,0.534252,0,0.53038,0,0.590549,0,0.554241,0,0.539695,0,0.491219,0,0.549229,0,0.557028,0,0.562478,0,0.543274,0,0.510076,0,0.516181,0,0.495724,0,0.573397,0,0.5463,0,0.386729,0,0.510354,0
"30",2019-06-30,0.306141,0,0.512949,0,NA,NA,0.452814,0,NA,NA,NA,NA,0.55426,0,NA,NA,NA,NA,NA,NA,0.379631,0,NA,NA,0.563579,0,NA,NA,NA,NA,0.49451,0,NA,NA,NA,NA,NA,NA,NA,NA,NA,NA,NA,NA,0.565165,0,NA,NA,NA,NA,NA,NA,NA,NA,0.556805,0,0.563137,0,0.332707,0,NA,NA,0.558001,0
"31",2019-07-05,NA,NA,NA,NA,NA,NA,0.541982,0,0.534213,0,NA,NA,0.578325,0,0.532717,0,NA,NA,0.534522,0,NA,NA,NA,NA,NA,NA,NA,NA,NA,NA,NA,NA,NA,NA,NA,NA,NA,NA,NA,NA,0.509206,0,NA,NA,NA,NA,NA,NA,NA,NA,NA,NA,0.556291,0,NA,NA,0.576023,0,NA,NA,NA,NA,NA,NA
"32",2019-07-15,0.527234,0,0.488172,0,0.532827,0,0.525251,0,0.534905,0,0.489056,0,0.540775,0,0.596241,0,0.537557,0,0.507888,0,0.500413,0,0.533025,0,0.533185,0,0.509035,0,0.596661,0,0.527147,0,0.537439,0,0.591574,0,0.550397,0,0.530128,0,0.48696,0,0.559989,0,0.56085,0,0.560278,0,0.542739,0,0.519225,0,0.524582,0,0.496939,0,0.552145,0,0.545493,0,0.495575,0,0.506791,0
"33",2019-07-25,NA,NA,NA,NA,NA,NA,0.52854,0,NA,NA,NA,NA,NA,NA,NA,NA,NA,NA,NA,NA,0.318719,0,NA,NA,NA,NA,NA,NA,NA,NA,NA,NA,NA,NA,NA,NA,NA,NA,NA,NA,NA,NA,NA,NA,NA,NA,NA,NA,NA,NA,NA,NA,NA,NA,NA,NA,NA,NA,NA,NA,NA,NA,NA,NA
"34",2019-07-30,NA,NA,NA,NA,0.610417,0,NA,NA,NA,NA,NA,NA,0.601285,0,NA,NA,NA,NA,NA,NA,NA,NA,0.559442,0,0.564187,0,NA,NA,NA,NA,0.596594,0,0.531482,0,NA,NA,NA,NA,NA,NA,NA,NA,NA,NA,NA,NA,NA,NA,NA,NA,NA,NA,NA,NA,NA,NA,0.313188,0,NA,NA,NA,NA,0.435783,0
"35",2019-08-09,NA,NA,NA,NA,0.647589,0,NA,NA,NA,NA,NA,NA,NA,NA,NA,NA,NA,NA,NA,NA,0.548786,0,NA,NA,NA,NA,NA,NA,NA,NA,NA,NA,NA,NA,NA,NA,NA,NA,NA,NA,NA,NA,NA,NA,NA,NA,NA,NA,NA,NA,NA,NA,NA,NA,NA,NA,NA,NA,NA,NA,NA,NA,NA,NA
"36",2019-08-14,NA,NA,NA,NA,NA,NA,0.645464,0,NA,NA,NA,NA,NA,NA,NA,NA,NA,NA,NA,NA,NA,NA,NA,NA,NA,NA,NA,NA,NA,NA,NA,NA,NA,NA,NA,NA,NA,NA,NA,NA,NA,NA,NA,NA,NA,NA,0.63411,0,NA,NA,NA,NA,NA,NA,NA,NA,NA,NA,NA,NA,NA,NA,NA,NA
"37",2019-08-19,0.562215,0,0.520901,0,0.538409,0,0.523858,0,0.58693,0,0.228968,0,0.563009,0,0.634746,0,0.628337,0,0.568057,0,0.541639,0,0.447564,0,0.566957,0,0.574897,0,0.656204,0,0.576938,0,0.332286,0,0.617011,0,0.586638,0,0.569771,0,0.527586,0,0.581523,0,0.618761,0,0.480274,0,0.580452,0,0.450089,0,0.173316,0,0.574911,0,0.564957,0,0.568446,0,0.512037,0,0.557848,0
"38",2019-09-03,NA,NA,NA,NA,NA,NA,NA,NA,NA,NA,NA,NA,NA,NA,0.651533,0,NA,NA,NA,NA,0.580563,0,NA,NA,NA,NA,NA,NA,NA,NA,NA,NA,NA,NA,NA,NA,0.638572,0,NA,NA,NA,NA,NA,NA,NA,NA,NA,NA,NA,NA,NA,NA,NA,NA,NA,NA,NA,NA,NA,NA,NA,NA,NA,NA
"39",2019-09-13,0.633587,0,0.540391,0,0.518254,0,NA,NA,NA,NA,NA,NA,0.635301,0,NA,NA,NA,NA,NA,NA,NA,NA,NA,NA,0.640995,0,0.592427,0,0.63524,0,NA,NA,NA,NA,NA,NA,0.644674,0,NA,NA,NA,NA,NA,NA,NA,NA,0.408376,0,NA,NA,NA,NA,0.669101,0,NA,NA,NA,NA,NA,NA,NA,NA,NA,NA
"40",2019-10-03,NA,NA,NA,NA,NA,NA,NA,NA,NA,NA,NA,NA,NA,NA,0.768833,0,NA,NA,NA,NA,NA,NA,NA,NA,NA,NA,NA,NA,NA,NA,NA,NA,NA,NA,NA,NA,NA,NA,NA,NA,NA,NA,NA,NA,NA,NA,NA,NA,NA,NA,NA,NA,NA,NA,NA,NA,NA,NA,NA,NA,NA,NA,0.663811,0
"41",2019-10-08,NA,NA,NA,NA,0.701631,0,NA,NA,NA,NA,NA,NA,NA,NA,NA,NA,NA,NA,NA,NA,NA,NA,NA,NA,NA,NA,NA,NA,NA,NA,NA,NA,NA,NA,NA,NA,NA,NA,NA,NA,NA,NA,NA,NA,NA,NA,NA,NA,NA,NA,NA,NA,NA,NA,NA,NA,NA,NA,NA,NA,NA,NA,NA,NA
"42",2019-10-13,NA,NA,NA,NA,0.626972,0,NA,NA,NA,NA,NA,NA,NA,NA,NA,NA,NA,NA,NA,NA,NA,NA,NA,NA,NA,NA,NA,NA,NA,NA,NA,NA,NA,NA,NA,NA,NA,NA,NA,NA,NA,NA,NA,NA,NA,NA,NA,NA,NA,NA,NA,NA,0.676327,0,0.628428,0,NA,NA,NA,NA,NA,NA,NA,NA
"43",2019-10-18,NA,NA,NA,NA,NA,NA,NA,NA,0.667042,0,NA,NA,NA,NA,NA,NA,NA,NA,NA,NA,NA,NA,NA,NA,NA,NA,NA,NA,NA,NA,NA,NA,NA,NA,0.774905,0,NA,NA,NA,NA,NA,NA,0.694853,0,NA,NA,NA,NA,NA,NA,NA,NA,NA,NA,NA,NA,NA,NA,NA,NA,NA,NA,NA,NA
"44",2019-10-28,NA,NA,0.42761,0,NA,NA,0.620643,0,NA,NA,NA,NA,0.607752,0,0.726701,0,NA,NA,0.634989,0,0.600088,0,NA,NA,0.607946,0,NA,NA,NA,NA,0.631627,0,0.630202,0,0.720497,0,NA,NA,NA,NA,0.605238,0,NA,NA,NA,NA,NA,NA,NA,NA,NA,NA,NA,NA,NA,NA,0.385875,0,NA,NA,NA,NA,0.598437,0
"45",2019-11-07,NA,NA,NA,NA,NA,NA,NA,NA,0.637499,0,0.255722,0,NA,NA,NA,NA,NA,NA,NA,NA,NA,NA,NA,NA,NA,NA,NA,NA,NA,NA,NA,NA,0.652654,0,NA,NA,NA,NA,NA,NA,NA,NA,0.687337,0,NA,NA,0.755922,0,NA,NA,NA,NA,NA,NA,NA,NA,0.689121,0,NA,NA,NA,NA,NA,NA
"46",2019-11-12,NA,NA,NA,NA,NA,NA,NA,NA,NA,NA,0.604596,0,NA,NA,NA,NA,NA,NA,0.595764,0,NA,NA,NA,NA,NA,NA,NA,NA,NA,NA,NA,NA,0.576343,0,NA,NA,NA,NA,NA,NA,NA,NA,NA,NA,NA,NA,0.663524,0,NA,NA,NA,NA,NA,NA,NA,NA,NA,NA,NA,NA,NA,NA,NA,NA
"47",2019-12-12,NA,NA,NA,NA,NA,NA,NA,NA,NA,NA,NA,NA,0.597861,0,NA,NA,NA,NA,NA,NA,NA,NA,0.660289,0,0.600929,0,NA,NA,NA,NA,0.615124,0,NA,NA,0.769923,0,NA,NA,NA,NA,NA,NA,0.712361,0,NA,NA,NA,NA,NA,NA,NA,NA,NA,NA,NA,NA,NA,NA,NA,NA,NA,NA,0.567884,0
"48",2019-12-17,0.591928,0,0.565918,0,0.59931,0,NA,NA,NA,NA,NA,NA,0.613278,0,NA,NA,NA,NA,0.655562,0,0.591516,0,0.608818,0,0.596045,0,0.582708,0,NA,NA,0.608957,0,0.646192,0,NA,NA,NA,NA,NA,NA,NA,NA,NA,NA,NA,NA,NA,NA,NA,NA,NA,NA,NA,NA,NA,NA,NA,NA,0.638749,0,NA,NA,0.574756,0
"49",2019-12-22,0.592392,0,0.542811,0,0.599992,0,0.602476,0,0.676336,0,0.59711,0,NA,NA,0.756882,0,0.716052,0,0.583796,0,0.569068,0,0.595819,0,0.610151,0,0.552524,0,NA,NA,NA,NA,0.611283,0,NA,NA,NA,NA,0.575214,0,0.568241,0,NA,NA,0.617364,0,NA,NA,0.590529,0,NA,NA,0.605261,0,NA,NA,0.62064,0,0.603615,0,NA,NA,0.46024,0
"50",2019-12-27,NA,NA,NA,NA,NA,NA,NA,NA,NA,NA,NA,NA,0.592355,0,NA,NA,NA,NA,NA,NA,NA,NA,NA,NA,NA,NA,NA,NA,NA,NA,NA,NA,NA,NA,NA,NA,NA,NA,NA,NA,NA,NA,NA,NA,NA,NA,NA,NA,NA,NA,NA,NA,NA,NA,NA,NA,NA,NA,NA,NA,NA,NA,NA,NA
"51",2020-01-01,0.625961,0,NA,NA,NA,NA,NA,NA,0.519945,0,0.609593,0,0.63584,0,0.731106,0,0.406778,0,NA,NA,NA,NA,NA,NA,NA,NA,NA,NA,0.699142,0,NA,NA,NA,NA,0.737349,0,0.632485,0,NA,NA,NA,NA,NA,NA,0.660793,0,NA,NA,NA,NA,NA,NA,0.598671,0,NA,NA,NA,NA,NA,NA,NA,NA,NA,NA
"52",2020-01-06,0.640378,0,0.557611,0,0.654714,0,NA,NA,NA,NA,NA,NA,NA,NA,0.768777,0,NA,NA,NA,NA,0.448732,0,0.358954,0,0.471766,0,0.556614,0,NA,NA,NA,NA,NA,NA,NA,NA,NA,NA,NA,NA,0.615509,0,NA,NA,NA,NA,NA,NA,NA,NA,NA,NA,NA,NA,NA,NA,NA,NA,0.421425,0,NA,NA,NA,NA
"53",2020-01-11,0.624093,0,0.571786,0,0.614323,0,0.241293,0,0.660627,0,0.601814,0,NA,NA,0.714651,0,NA,NA,NA,NA,0.584783,0,0.653511,0,NA,NA,0.60428,0,0.565064,0,0.649123,0,NA,NA,0.561168,0,NA,NA,NA,NA,NA,NA,NA,NA,NA,NA,0.669618,0,0.54713,0,NA,NA,NA,NA,0.625646,0,0.637507,0,0.615612,0,0.652626,0,0.60664,0
"54",2020-01-16,NA,NA,NA,NA,NA,NA,NA,NA,NA,NA,NA,NA,NA,NA,NA,NA,NA,NA,NA,NA,NA,NA,0.709305,0,NA,NA,NA,NA,NA,NA,NA,NA,NA,NA,NA,NA,NA,NA,NA,NA,NA,NA,NA,NA,NA,NA,NA,NA,NA,NA,NA,NA,NA,NA,NA,NA,NA,NA,NA,NA,NA,NA,NA,NA
"55",2020-01-31,NA,NA,0.590157,0,NA,NA,NA,NA,NA,NA,NA,NA,0.612612,0,NA,NA,NA,NA,NA,NA,NA,NA,NA,NA,NA,NA,NA,NA,NA,NA,0.623278,0,NA,NA,NA,NA,NA,NA,NA,NA,NA,NA,NA,NA,NA,NA,NA,NA,NA,NA,NA,NA,NA,NA,NA,NA,NA,NA,0.633372,0,NA,NA,NA,NA
"56",2020-02-05,NA,NA,NA,NA,NA,NA,NA,NA,NA,NA,NA,NA,NA,NA,NA,NA,NA,NA,NA,NA,NA,NA,NA,NA,NA,NA,NA,NA,NA,NA,NA,NA,NA,NA,NA,NA,NA,NA,NA,NA,NA,NA,NA,NA,NA,NA,NA,NA,NA,NA,NA,NA,NA,NA,0.633817,0,NA,NA,NA,NA,NA,NA,NA,NA
"57",2020-02-10,0.569109,0,0.540924,0,0.267633,0,0.469652,0,NA,NA,NA,NA,0.589396,0,NA,NA,0.615664,0,NA,NA,0.496662,0,0.4145,0,0.57722,0,0.334465,0,0.613823,0,0.58465,0,NA,NA,0.634006,0,0.592491,0,0.556336,0,NA,NA,0.542234,0,NA,NA,0.608994,0,0.566484,0,0.434279,0,NA,NA,0.561868,0,0.547723,0,0.531357,0,0.56918,0,0.548857,0
"58",2020-02-15,NA,NA,NA,NA,NA,NA,0.621405,0,NA,NA,NA,NA,NA,NA,NA,NA,NA,NA,NA,NA,NA,NA,NA,NA,NA,NA,NA,NA,NA,NA,NA,NA,NA,NA,NA,NA,NA,NA,NA,NA,NA,NA,NA,NA,NA,NA,NA,NA,NA,NA,NA,NA,NA,NA,NA,NA,0.660241,0,NA,NA,NA,NA,NA,NA
"59",2020-02-20,0.605742,0,0.557093,0,NA,NA,NA,NA,NA,NA,NA,NA,NA,NA,0.680729,0,0.625097,0,NA,NA,NA,NA,0.646182,0,NA,NA,NA,NA,NA,NA,NA,NA,NA,NA,NA,NA,NA,NA,NA,NA,NA,NA,NA,NA,0.678404,0,NA,NA,NA,NA,NA,NA,NA,NA,NA,NA,NA,NA,NA,NA,0.594801,0,NA,NA
"60",2020-03-01,NA,NA,NA,NA,NA,NA,NA,NA,0.668213,0,NA,NA,0.627978,0,NA,NA,NA,NA,NA,NA,NA,NA,NA,NA,NA,NA,NA,NA,NA,NA,NA,NA,NA,NA,NA,NA,NA,NA,NA,NA,NA,NA,NA,NA,NA,NA,NA,NA,NA,NA,NA,NA,0.630653,0,NA,NA,NA,NA,NA,NA,NA,NA,NA,NA
"61",2020-04-20,NA,NA,NA,NA,NA,NA,NA,NA,0.625024,0,NA,NA,NA,NA,NA,NA,NA,NA,NA,NA,NA,NA,NA,NA,NA,NA,NA,NA,NA,NA,0.534953,0,NA,NA,0.689453,0,NA,NA,NA,NA,NA,NA,0.629351,0,NA,NA,NA,NA,NA,NA,0.583093,0,NA,NA,NA,NA,NA,NA,NA,NA,NA,NA,NA,NA
"62",2020-04-25,NA,NA,NA,NA,NA,NA,NA,NA,NA,NA,NA,NA,NA,NA,NA,NA,NA,NA,NA,NA,NA,NA,NA,NA,0.595729,0,NA,NA,NA,NA,NA,NA,NA,NA,NA,NA,NA,NA,NA,NA,NA,NA,NA,NA,NA,NA,NA,NA,NA,NA,NA,NA,NA,NA,NA,NA,NA,NA,NA,NA,NA,NA,NA,NA
"63",2020-04-30,NA,NA,NA,NA,NA,NA,NA,NA,NA,NA,0.563901,0,NA,NA,NA,NA,NA,NA,NA,NA,NA,NA,NA,NA,NA,NA,0.532855,0,0.444364,0,NA,NA,NA,NA,NA,NA,0.648487,0,NA,NA,NA,NA,NA,NA,NA,NA,NA,NA,NA,NA,NA,NA,NA,NA,NA,NA,NA,NA,NA,NA,NA,NA,NA,NA
"64",2020-05-10,NA,NA,NA,NA,0.610699,0,NA,NA,NA,NA,NA,NA,NA,NA,NA,NA,NA,NA,NA,NA,NA,NA,NA,NA,NA,NA,NA,NA,NA,NA,NA,NA,NA,NA,NA,NA,NA,NA,NA,NA,NA,NA,NA,NA,NA,NA,NA,NA,NA,NA,NA,NA,NA,NA,NA,NA,NA,NA,NA,NA,NA,NA,NA,NA
"65",2020-05-15,0.442711,0,0.536042,0,0.54264,0,0.553632,0,0.557502,0,0.501588,0,0.556255,0,0.619973,0,0.587069,0,0.518323,0,0.518841,0,0.561747,0,0.5447,0,0.498872,0,0.596924,0,0.533954,0,0.552821,0,0.622554,0,0.561565,0,0.129545,0,0.514234,0,0.585441,0,0.558286,0,0.586926,0,0.581311,0,0.559245,0,0.53909,0,0.526294,0,0.510076,0,0.562439,0,0.506527,0,0.547481,0
"66",2020-05-20,NA,NA,NA,NA,NA,NA,NA,NA,NA,NA,NA,NA,NA,NA,NA,NA,NA,NA,0.376796,0,NA,NA,NA,NA,NA,NA,NA,NA,NA,NA,NA,NA,0.39874,0,NA,NA,NA,NA,NA,NA,NA,NA,NA,NA,NA,NA,NA,NA,NA,NA,NA,NA,0.410134,0,NA,NA,NA,NA,NA,NA,NA,NA,NA,NA
"67",2020-06-04,NA,NA,NA,NA,NA,NA,NA,NA,NA,NA,NA,NA,NA,NA,NA,NA,NA,NA,NA,NA,NA,NA,NA,NA,NA,NA,NA,NA,NA,NA,0.600892,0,NA,NA,NA,NA,NA,NA,NA,NA,NA,NA,NA,NA,NA,NA,NA,NA,NA,NA,NA,NA,NA,NA,NA,NA,NA,NA,NA,NA,NA,NA,NA,NA
"68",2020-06-09,0.572608,0,0.545374,0,NA,NA,0.567962,0,NA,NA,NA,NA,0.565291,0,0.615577,0,0.611512,0,0.532206,0,0.487305,0,0.555643,0,0.457489,0,0.519325,0,NA,NA,0.549586,0,0.572295,0,NA,NA,0.486075,0,0.529599,0,0.501944,0,NA,NA,NA,NA,0.60914,0,0.551491,0,NA,NA,NA,NA,0.526062,0,NA,NA,NA,NA,0.510721,0,0.538334,0
"69",2020-06-14,NA,NA,NA,NA,NA,NA,NA,NA,NA,NA,NA,NA,NA,NA,NA,NA,NA,NA,NA,NA,0.582188,0,0.570185,0,NA,NA,0.524589,0,0.665496,0,NA,NA,NA,NA,NA,NA,NA,NA,NA,NA,NA,NA,NA,NA,NA,NA,NA,NA,NA,NA,NA,NA,NA,NA,0.588478,0,NA,NA,NA,NA,NA,NA,NA,NA
"70",2020-06-24,0.545161,0,0.503097,0,0.529987,0,0.537516,0,0.556554,0,0.495563,0,0.560083,0,0.612898,0,0.574661,0,0.511655,0,0.508077,0,0.531647,0,0.550424,0,0.502129,0,0.597976,0,0.551194,0,0.552657,0,0.599015,0,0.572309,0,0.528609,0,0.484892,0,0.592456,0,0.554158,0,0.583651,0,0.540071,0,0.555932,0,0.528257,0,0.52016,0,0.56077,0,0.559015,0,0.500915,0,0.520589,0
"71",2020-07-04,0.317255,0,0.463371,0,NA,NA,0.55394,0,NA,NA,NA,NA,NA,NA,NA,NA,NA,NA,0.556068,0,NA,NA,NA,NA,NA,NA,0.504517,0,NA,NA,NA,NA,0.596844,0,NA,NA,0.13918,0,NA,NA,0.532806,0,NA,NA,NA,NA,NA,NA,0.58977,0,NA,NA,NA,NA,0.573673,0,0.607174,0,0.647117,0,NA,NA,NA,NA
"72",2020-07-09,0.601706,0,NA,NA,NA,NA,NA,NA,0.567262,0,0.515037,0,NA,NA,0.615478,0,0.508584,0,NA,NA,0.432235,0,NA,NA,NA,NA,NA,NA,0.532698,0,0.597379,0,NA,NA,0.595996,0,0.586696,0,NA,NA,NA,NA,0.584317,0,NA,NA,0.492679,0,NA,NA,0.31435,0,NA,NA,0.552832,0,NA,NA,0.592249,0,0.518654,0,0.438607,0
"73",2020-07-14,NA,NA,NA,NA,NA,NA,NA,NA,NA,NA,NA,NA,0.6178,0,NA,NA,NA,NA,NA,NA,NA,NA,NA,NA,NA,NA,NA,NA,NA,NA,NA,NA,0.601271,0,NA,NA,0.644506,0,NA,NA,0.412229,0,NA,NA,0.568123,0,0.630741,0,NA,NA,0.235508,0,NA,NA,NA,NA,0.596325,0,0.613673,0,NA,NA,NA,NA
"74",2020-07-24,NA,NA,NA,NA,NA,NA,NA,NA,NA,NA,NA,NA,NA,NA,NA,NA,NA,NA,NA,NA,NA,NA,0.614283,0,NA,NA,NA,NA,NA,NA,NA,NA,NA,NA,NA,NA,NA,NA,NA,NA,NA,NA,NA,NA,NA,NA,NA,NA,NA,NA,NA,NA,NA,NA,NA,NA,NA,NA,0.648351,0,NA,NA,NA,NA
"75",2020-07-29,NA,NA,NA,NA,NA,NA,NA,NA,NA,NA,NA,NA,NA,NA,NA,NA,NA,NA,0.479748,0,NA,NA,NA,NA,NA,NA,NA,NA,NA,NA,NA,NA,NA,NA,NA,NA,NA,NA,NA,NA,NA,NA,NA,NA,NA,NA,NA,NA,NA,NA,NA,NA,NA,NA,NA,NA,NA,NA,NA,NA,NA,NA,NA,NA
"76",2020-08-03,NA,NA,NA,NA,NA,NA,NA,NA,NA,NA,NA,NA,0.464839,0,NA,NA,NA,NA,NA,NA,NA,NA,NA,NA,NA,NA,NA,NA,NA,NA,NA,NA,NA,NA,NA,NA,NA,NA,NA,NA,NA,NA,NA,NA,NA,NA,NA,NA,NA,NA,NA,NA,NA,NA,NA,NA,NA,NA,NA,NA,NA,NA,NA,NA
"77",2020-08-08,NA,NA,NA,NA,NA,NA,NA,NA,NA,NA,NA,NA,NA,NA,NA,NA,NA,NA,NA,NA,NA,NA,NA,NA,NA,NA,NA,NA,NA,NA,0.598469,0,NA,NA,NA,NA,NA,NA,NA,NA,NA,NA,NA,NA,NA,NA,NA,NA,NA,NA,NA,NA,NA,NA,NA,NA,NA,NA,NA,NA,NA,NA,NA,NA
"78",2020-08-13,NA,NA,NA,NA,NA,NA,NA,NA,NA,NA,NA,NA,NA,NA,NA,NA,NA,NA,NA,NA,0.562439,0,0.557429,0,NA,NA,NA,NA,NA,NA,NA,NA,NA,NA,0.688578,0,NA,NA,0.610585,0,NA,NA,NA,NA,NA,NA,NA,NA,NA,NA,NA,NA,NA,NA,NA,NA,NA,NA,0.48619,0,NA,NA,NA,NA
"79",2020-08-18,NA,NA,NA,NA,NA,NA,0.652662,0,NA,NA,NA,NA,NA,NA,NA,NA,NA,NA,NA,NA,NA,NA,NA,NA,NA,NA,NA,NA,0.710079,0,NA,NA,NA,NA,NA,NA,NA,NA,NA,NA,NA,NA,NA,NA,NA,NA,NA,NA,NA,NA,NA,NA,NA,NA,NA,NA,NA,NA,NA,NA,NA,NA,NA,NA
"80",2020-08-28,NA,NA,NA,NA,NA,NA,NA,NA,NA,NA,NA,NA,NA,NA,NA,NA,NA,NA,NA,NA,NA,NA,NA,NA,NA,NA,NA,NA,NA,NA,NA,NA,NA,NA,0.812395,0,NA,NA,NA,NA,NA,NA,0.735749,0,NA,NA,NA,NA,NA,NA,NA,NA,NA,NA,NA,NA,NA,NA,NA,NA,0.407168,0,NA,NA
"81",2020-09-02,NA,NA,NA,NA,NA,NA,NA,NA,NA,NA,NA,NA,NA,NA,NA,NA,NA,NA,NA,NA,NA,NA,NA,NA,NA,NA,NA,NA,NA,NA,0.658946,0,NA,NA,NA,NA,0.648673,0,NA,NA,NA,NA,NA,NA,NA,NA,NA,NA,NA,NA,NA,NA,NA,NA,NA,NA,NA,NA,NA,NA,NA,NA,0.643833,0
"82",2020-09-12,NA,NA,NA,NA,NA,NA,NA,NA,NA,NA,NA,NA,NA,NA,NA,NA,NA,NA,NA,NA,NA,NA,NA,NA,0.612869,0,NA,NA,NA,NA,NA,NA,NA,NA,NA,NA,0.672961,0,NA,NA,0.58958,0,NA,NA,NA,NA,NA,NA,NA,NA,NA,NA,NA,NA,NA,NA,NA,NA,NA,NA,NA,NA,NA,NA
"83",2020-09-17,NA,NA,NA,NA,0.595056,0,NA,NA,NA,NA,NA,NA,NA,NA,NA,NA,NA,NA,0.586709,0,0.594635,0,NA,NA,0.604346,0,NA,NA,NA,NA,NA,NA,NA,NA,0.647214,0,NA,NA,NA,NA,NA,NA,0.603347,0,NA,NA,0.646107,0,NA,NA,NA,NA,NA,NA,NA,NA,NA,NA,NA,NA,0.597079,0,NA,NA
"84",2020-09-27,NA,NA,NA,NA,NA,NA,NA,NA,NA,NA,NA,NA,NA,NA,NA,NA,NA,NA,NA,NA,0.595907,0,NA,NA,NA,NA,NA,NA,0.672179,0,NA,NA,NA,NA,0.582315,0,NA,NA,NA,NA,NA,NA,0.642401,0,NA,NA,NA,NA,0.620154,0,NA,NA,NA,NA,0.619779,0,0.640468,0,NA,NA,NA,NA,NA,NA
"85",2020-10-02,0.661853,0,NA,NA,NA,NA,0.640287,0,NA,NA,NA,NA,NA,NA,NA,NA,NA,NA,NA,NA,NA,NA,NA,NA,0.624531,0,0.601677,0,0.684328,0,0.679,0,NA,NA,NA,NA,0.686368,0,NA,NA,NA,NA,NA,NA,NA,NA,0.611922,0,NA,NA,NA,NA,NA,NA,NA,NA,NA,NA,0.669198,0,NA,NA,0.611813,0
"86",2020-10-07,0.531848,0,0.48361,0,0.524938,0,0.529325,0,0.558007,0,0.503117,0,0.529081,0,0.577123,0,0.533283,0,0.511893,0,0.506026,0,0.533785,0,0.534968,0,0.496425,0,0.560867,0,0.543461,0,0.534542,0,0.593459,0,0.553767,0,0.525898,0,0.495159,0,0.546171,0,0.543453,0,0.566859,0,0.533331,0,0.535631,0,0.535546,0,0.524843,0,0.556227,0,0.538667,0,0.513677,0,0.518394,0
"87",2020-10-22,NA,NA,NA,NA,NA,NA,NA,NA,NA,NA,0.681434,0,0.325273,0,NA,NA,NA,NA,NA,NA,NA,NA,NA,NA,NA,NA,NA,NA,NA,NA,NA,NA,NA,NA,NA,NA,NA,NA,NA,NA,NA,NA,NA,NA,NA,NA,NA,NA,NA,NA,NA,NA,0.55736,0,NA,NA,NA,NA,NA,NA,NA,NA,NA,NA
"88",2020-12-01,NA,NA,NA,NA,NA,NA,NA,NA,NA,NA,NA,NA,NA,NA,NA,NA,NA,NA,NA,NA,NA,NA,NA,NA,0.705082,0,NA,NA,0.735193,0,NA,NA,0.636192,0,0.392728,0,0.721661,0,0.650577,0,NA,NA,NA,NA,NA,NA,NA,NA,0.656914,0,NA,NA,NA,NA,NA,NA,NA,NA,NA,NA,NA,NA,NA,NA
"89",2020-12-11,NA,NA,NA,NA,NA,NA,NA,NA,NA,NA,NA,NA,NA,NA,NA,NA,NA,NA,NA,NA,NA,NA,NA,NA,NA,NA,NA,NA,0.719925,0,NA,NA,NA,NA,NA,NA,0.707134,0,NA,NA,NA,NA,NA,NA,NA,NA,0.740486,0,NA,NA,NA,NA,NA,NA,NA,NA,NA,NA,NA,NA,NA,NA,NA,NA
"90",2020-12-16,0.585953,0,0.524368,0,0.611016,0,0.587252,0,NA,NA,NA,NA,0.592112,0,NA,NA,NA,NA,NA,NA,0.570313,0,0.60605,0,0.583492,0,NA,NA,NA,NA,0.602525,0,NA,NA,NA,NA,NA,NA,0.577793,0,0.481302,0,NA,NA,NA,NA,NA,NA,0.606325,0,NA,NA,NA,NA,NA,NA,NA,NA,0.636958,0,NA,NA,0.558639,0
"91",2021-01-10,NA,NA,NA,NA,NA,NA,NA,NA,0.67838,0,0.659618,0,NA,NA,0.716638,0,NA,NA,NA,NA,NA,NA,NA,NA,NA,NA,NA,NA,0.72038,0,NA,NA,NA,NA,NA,NA,NA,NA,NA,NA,NA,NA,0.408121,0,NA,NA,0.589889,0,NA,NA,NA,NA,NA,NA,NA,NA,NA,NA,NA,NA,NA,NA,NA,NA
"92",2021-01-20,NA,NA,NA,NA,NA,NA,NA,NA,NA,NA,NA,NA,0.627608,0,NA,NA,NA,NA,NA,NA,NA,NA,NA,NA,NA,NA,NA,NA,NA,NA,NA,NA,NA,NA,NA,NA,NA,NA,0.636131,0,0.636675,0,NA,NA,NA,NA,NA,NA,0.669477,0,NA,NA,NA,NA,NA,NA,NA,NA,NA,NA,NA,NA,NA,NA
"93",2021-01-30,NA,NA,0.62322,0,NA,NA,NA,NA,NA,NA,NA,NA,NA,NA,NA,NA,NA,NA,NA,NA,NA,NA,NA,NA,0.633641,0,NA,NA,NA,NA,0.648301,0,NA,NA,NA,NA,NA,NA,NA,NA,NA,NA,NA,NA,NA,NA,NA,NA,NA,NA,NA,NA,NA,NA,NA,NA,NA,NA,NA,NA,NA,NA,0.459116,0
"94",2021-02-04,NA,NA,NA,NA,NA,NA,NA,NA,NA,NA,NA,NA,NA,NA,NA,NA,NA,NA,NA,NA,NA,NA,NA,NA,NA,NA,NA,NA,NA,NA,NA,NA,NA,NA,NA,NA,NA,NA,NA,NA,NA,NA,NA,NA,NA,NA,NA,NA,NA,NA,NA,NA,0.651157,0,NA,NA,NA,NA,NA,NA,NA,NA,NA,NA
"95",2021-02-14,NA,NA,NA,NA,NA,NA,0.591986,0,NA,NA,NA,NA,NA,NA,NA,NA,0.645186,0,0.575953,0,0.561675,0,0.596476,0,NA,NA,NA,NA,NA,NA,NA,NA,NA,NA,0.667789,0,NA,NA,0.576331,0,NA,NA,NA,NA,NA,NA,NA,NA,NA,NA,NA,NA,0.58862,0,0.59056,0,0.593848,0,NA,NA,NA,NA,NA,NA
"96",2021-02-24,NA,NA,NA,NA,NA,NA,NA,NA,NA,NA,NA,NA,NA,NA,NA,NA,NA,NA,NA,NA,NA,NA,0.659703,0,0.642276,0,NA,NA,0.511093,0,NA,NA,NA,NA,NA,NA,0.683298,0,NA,NA,NA,NA,NA,NA,NA,NA,NA,NA,NA,NA,NA,NA,NA,NA,NA,NA,NA,NA,NA,NA,NA,NA,NA,NA
"97",2021-03-01,NA,NA,NA,NA,0.572629,0,0.499672,0,0.623113,0,0.564441,0,NA,NA,0.579835,0,0.654012,0,0.563756,0,0.481329,0,NA,NA,NA,NA,0.506479,0,0.596301,0,NA,NA,0.593909,0,0.674271,0,0.573099,0,0.481602,0,0.496766,0,0.589794,0,0.598193,0,0.577441,0,0.563728,0,0.626129,0,0.577204,0,0.575897,0,0.529664,0,0.455358,0,0.599261,0,NA,NA
"98",2021-03-06,0.550232,0,NA,NA,0.564164,0,NA,NA,0.543388,0,0.497426,0,0.547063,0,0.592675,0,NA,NA,0.502953,0,NA,NA,0.551775,0,NA,NA,NA,NA,0.604903,0,NA,NA,0.535032,0,0.61958,0,0.592098,0,NA,NA,NA,NA,0.539012,0,NA,NA,0.578326,0,NA,NA,NA,NA,0.5525,0,NA,NA,NA,NA,NA,NA,NA,NA,NA,NA
"99",2021-03-11,0.570414,0,0.505907,0,0.583036,0,0.549316,0,0.587123,0,0.542781,0,0.57385,0,0.620635,0,0.582766,0,0.542979,0,0.545626,0,0.571791,0,0.570675,0,0.525874,0,0.625024,0,0.580928,0,0.578277,0,0.646502,0,0.615189,0,0.55595,0,0.528293,0,0.576803,0,0.597301,0,0.599282,0,NA,NA,0.591378,0,0.564465,0,0.555028,0,0.57578,0,0.570505,0,0.553071,0,0.544151,0
"100",2021-03-16,0.58193,0,NA,NA,NA,NA,0.567736,0,NA,NA,NA,NA,0.584554,0,NA,NA,NA,NA,0.560444,0,NA,NA,NA,NA,NA,NA,NA,NA,0.666581,0,NA,NA,0.550739,0,0.632063,0,0.643623,0,NA,NA,NA,NA,0.580675,0,0.415334,0,0.627736,0,NA,NA,NA,NA,0.562991,0,0.572066,0,NA,NA,NA,NA,NA,NA,NA,NA
"101",2021-03-26,NA,NA,NA,NA,NA,NA,NA,NA,NA,NA,NA,NA,NA,NA,NA,NA,NA,NA,0.58711,0,NA,NA,NA,NA,NA,NA,NA,NA,NA,NA,NA,NA,NA,NA,0.717803,0,0.656715,0,NA,NA,NA,NA,NA,NA,NA,NA,NA,NA,NA,NA,NA,NA,NA,NA,NA,NA,NA,NA,0.61637,0,NA,NA,NA,NA
"102",2021-03-31,0.529218,0,NA,NA,0.539846,0,0.527278,0,0.531116,0,0.496663,0,0.535844,0,0.556074,0,0.532708,0,0.47442,0,0.515052,0,NA,NA,0.537088,0,0.502656,0,0.587009,0,0.550276,0,0.531133,0,0.609698,0,0.540232,0,0.52323,0,0.505975,0,0.540425,0,0.492629,0,0.562638,0,0.523058,0,0.54787,0,0.526768,0,0.529858,0,0.52125,0,0.543068,0,0.519196,0,0.519039,0
"103",2021-04-10,NA,NA,NA,NA,NA,NA,NA,NA,NA,NA,NA,NA,NA,NA,NA,NA,NA,NA,NA,NA,NA,NA,NA,NA,NA,NA,NA,NA,NA,NA,NA,NA,NA,NA,NA,NA,NA,NA,NA,NA,NA,NA,NA,NA,NA,NA,NA,NA,NA,NA,NA,NA,NA,NA,NA,NA,NA,NA,NA,NA,0.608239,0,NA,NA
"104",2021-04-15,NA,NA,NA,NA,NA,NA,NA,NA,NA,NA,NA,NA,NA,NA,NA,NA,NA,NA,NA,NA,NA,NA,NA,NA,0.65005,0,NA,NA,NA,NA,NA,NA,NA,NA,NA,NA,NA,NA,NA,NA,NA,NA,NA,NA,NA,NA,NA,NA,NA,NA,NA,NA,NA,NA,NA,NA,NA,NA,NA,NA,NA,NA,NA,NA
"105",2021-04-20,0.585664,0,NA,NA,NA,NA,NA,NA,NA,NA,NA,NA,0.537746,0,NA,NA,NA,NA,NA,NA,NA,NA,NA,NA,0.579838,0,NA,NA,NA,NA,0.580391,0,NA,NA,NA,NA,NA,NA,NA,NA,NA,NA,NA,NA,NA,NA,NA,NA,NA,NA,NA,NA,NA,NA,NA,NA,NA,NA,NA,NA,NA,NA,0.537385,0
"106",2021-04-25,NA,NA,NA,NA,NA,NA,0.55106,0,0.550243,0,NA,NA,NA,NA,NA,NA,0.564355,0,NA,NA,0.563514,0,NA,NA,0.604383,0,0.519955,0,0.459353,0,NA,NA,NA,NA,0.657184,0,0.511104,0,NA,NA,0.543168,0,0.581135,0,0.416527,0,0.543738,0,NA,NA,0.55734,0,NA,NA,NA,NA,0.397982,0,NA,NA,NA,NA,NA,NA
"107",2021-05-15,NA,NA,NA,NA,NA,NA,NA,NA,0.414873,0,NA,NA,NA,NA,NA,NA,NA,NA,0.417603,0,NA,NA,NA,NA,NA,NA,NA,NA,NA,NA,NA,NA,0.399686,0,NA,NA,NA,NA,NA,NA,NA,NA,NA,NA,NA,NA,NA,NA,NA,NA,NA,NA,NA,NA,NA,NA,NA,NA,NA,NA,NA,NA,NA,NA
"108",2021-05-20,0.542317,0,0.491299,0,0.528523,0,NA,NA,0.549132,0,0.510994,0,0.527103,0,0.571126,0,0.574807,0,0.517558,0,0.537224,0,0.522542,0,NA,NA,0.508249,0,NA,NA,0.56253,0,0.537713,0,0.628896,0,0.560609,0,0.279634,0,NA,NA,0.580305,0,0.549959,0,0.59197,0,0.424821,0,0.535955,0,0.489455,0,0.557491,0,0.572464,0,0.579721,0,0.164365,0,NA,NA
"109",2021-05-25,NA,NA,0.533212,0,NA,NA,NA,NA,NA,NA,NA,NA,NA,NA,NA,NA,NA,NA,NA,NA,NA,NA,NA,NA,NA,NA,NA,NA,NA,NA,NA,NA,NA,NA,NA,NA,NA,NA,NA,NA,NA,NA,NA,NA,NA,NA,NA,NA,NA,NA,NA,NA,NA,NA,NA,NA,NA,NA,NA,NA,NA,NA,NA,NA
"110",2021-05-30,NA,NA,NA,NA,0.535897,0,0.558303,0,0.535354,0,0.492502,0,NA,NA,0.572016,0,0.518804,0,0.500689,0,0.518245,0,0.464032,0,0.423727,0,NA,NA,0.598208,0,NA,NA,0.52597,0,NA,NA,0.548332,0,NA,NA,0.503221,0,0.537298,0,0.546501,0,0.429591,0,0.552398,0,NA,NA,0.491657,0,NA,NA,NA,NA,NA,NA,0.389277,0,NA,NA
"111",2021-06-09,0.315221,0,NA,NA,NA,NA,NA,NA,NA,NA,NA,NA,NA,NA,NA,NA,NA,NA,NA,NA,NA,NA,NA,NA,NA,NA,NA,NA,NA,NA,NA,NA,NA,NA,NA,NA,NA,NA,NA,NA,NA,NA,NA,NA,NA,NA,NA,NA,NA,NA,NA,NA,NA,NA,NA,NA,NA,NA,NA,NA,0.618678,0,0.606742,0
"112",2021-06-24,NA,NA,NA,NA,NA,NA,NA,NA,0.609232,0,NA,NA,NA,NA,0.659058,0,NA,NA,NA,NA,NA,NA,NA,NA,NA,NA,NA,NA,NA,NA,NA,NA,NA,NA,NA,NA,NA,NA,0.585965,0,NA,NA,NA,NA,NA,NA,NA,NA,0.599179,0,NA,NA,NA,NA,NA,NA,NA,NA,NA,NA,NA,NA,NA,NA
"113",2021-07-04,NA,NA,0.481901,0,0.504635,0,0.379186,0,0.51594,0,0.467627,0,NA,NA,0.551298,0,0.53841,0,0.468536,0,0.494473,0,NA,NA,0.510442,0,0.477649,0,0.53824,0,NA,NA,0.492596,0,0.580473,0,0.525433,0,0.512105,0,0.478505,0,0.535329,0,0.519747,0,0.531445,0,0.508339,0,0.516636,0,0.501087,0,0.500944,0,0.551378,0,0.52919,0,0.489769,0,0.558223,0
"114",2021-07-09,0.49883,0,0.466192,0,0.501028,0,0.51496,0,0.522772,0,0.47732,0,0.514907,0,0.554846,0,0.544499,0,0.47839,0,0.494492,0,0.510989,0,0.526341,0,0.4782,0,0.543539,0,0.520689,0,0.501256,0,0.591393,0,0.537315,0,0.493781,0,0.475238,0,0.545948,0,0.524319,0,0.544468,0,0.509917,0,0.510967,0,0.508742,0,0.509728,0,0.532592,0,0.535577,0,0.498745,0,0.4982,0
"115",2021-07-14,NA,NA,0.56006,0,NA,NA,NA,NA,NA,NA,NA,NA,NA,NA,NA,NA,NA,NA,NA,NA,NA,NA,NA,NA,NA,NA,NA,NA,NA,NA,NA,NA,NA,NA,NA,NA,NA,NA,NA,NA,NA,NA,NA,NA,NA,NA,NA,NA,NA,NA,NA,NA,NA,NA,NA,NA,NA,NA,NA,NA,NA,NA,NA,NA
"116",2021-07-19,0.350635,0,NA,NA,NA,NA,0.235054,0,0.545468,0,0.509707,0,NA,NA,NA,NA,0.463743,0,0.502821,0,NA,NA,0.55162,0,NA,NA,NA,NA,0.577689,0,0.469408,0,0.524578,0,0.597632,0,NA,NA,0.274777,0,0.535988,0,NA,NA,0.177192,0,0.562972,0,0.581377,0,0.54563,0,0.55735,0,0.199101,0,0.5357,0,NA,NA,0.526955,0,NA,NA
"117",2021-07-24,NA,NA,NA,NA,NA,NA,NA,NA,0.630158,0,NA,NA,NA,NA,0.620713,0,NA,NA,NA,NA,NA,NA,NA,NA,NA,NA,NA,NA,NA,NA,NA,NA,NA,NA,0.663938,0,0.615543,0,NA,NA,NA,NA,0.567281,0,NA,NA,0.593368,0,NA,NA,0.549155,0,NA,NA,NA,NA,NA,NA,NA,NA,NA,NA,NA,NA
"118",2021-07-29,0.498691,0,0.449927,0,0.491448,0,0.497037,0,0.510441,0,0.469912,0,0.501726,0,0.535614,0,0.520909,0,0.464399,0,0.484345,0,0.49506,0,0.512643,0,0.468485,0,0.528829,0,0.504488,0,0.487684,0,0.573173,0,0.520096,0,0.484211,0,0.46766,0,0.526875,0,0.50829,0,0.526262,0,0.49802,0,0.502562,0,0.498487,0,0.49731,0,0.519266,0,0.519314,0,0.484729,0,0.488477,0
"119",2021-08-23,NA,NA,NA,NA,NA,NA,NA,NA,NA,NA,NA,NA,NA,NA,NA,NA,NA,NA,NA,NA,NA,NA,NA,NA,NA,NA,NA,NA,NA,NA,NA,NA,NA,NA,NA,NA,NA,NA,NA,NA,NA,NA,NA,NA,NA,NA,NA,NA,NA,NA,NA,NA,NA,NA,NA,NA,NA,NA,0.622239,0,NA,NA,NA,NA
"120",2021-08-28,NA,NA,NA,NA,0.603552,0,NA,NA,NA,NA,NA,NA,NA,NA,NA,NA,NA,NA,NA,NA,NA,NA,NA,NA,NA,NA,NA,NA,NA,NA,NA,NA,NA,NA,NA,NA,NA,NA,NA,NA,NA,NA,NA,NA,NA,NA,NA,NA,NA,NA,NA,NA,NA,NA,NA,NA,NA,NA,NA,NA,NA,NA,NA,NA
"121",2021-09-12,NA,NA,0.511762,0,NA,NA,NA,NA,NA,NA,NA,NA,NA,NA,NA,NA,NA,NA,NA,NA,NA,NA,0.598277,0,NA,NA,0.546805,0,NA,NA,0.62619,0,NA,NA,NA,NA,NA,NA,NA,NA,NA,NA,NA,NA,NA,NA,NA,NA,NA,NA,NA,NA,NA,NA,NA,NA,NA,NA,0.60127,0,NA,NA,NA,NA
"122",2021-09-17,NA,NA,NA,NA,NA,NA,NA,NA,0.631663,0,0.572985,0,NA,NA,0.612023,0,NA,NA,NA,NA,0.581225,0,0.58916,0,NA,NA,0.573193,0,NA,NA,NA,NA,NA,NA,NA,NA,NA,NA,NA,NA,NA,NA,NA,NA,NA,NA,NA,NA,NA,NA,0.620124,0,0.600317,0,NA,NA,NA,NA,NA,NA,NA,NA,NA,NA
"123",2021-10-07,NA,NA,NA,NA,NA,NA,NA,NA,NA,NA,NA,NA,NA,NA,NA,NA,NA,NA,NA,NA,NA,NA,NA,NA,NA,NA,NA,NA,NA,NA,0.643823,0,NA,NA,NA,NA,NA,NA,NA,NA,NA,NA,NA,NA,NA,NA,0.65005,0,NA,NA,NA,NA,NA,NA,NA,NA,NA,NA,NA,NA,NA,NA,0.608768,0
"124",2021-10-17,NA,NA,0.587745,0,NA,NA,NA,NA,NA,NA,0.600706,0,NA,NA,NA,NA,NA,NA,0.590318,0,NA,NA,NA,NA,NA,NA,NA,NA,NA,NA,NA,NA,0.602113,0,NA,NA,NA,NA,NA,NA,NA,NA,NA,NA,NA,NA,0.598383,0,NA,NA,NA,NA,0.597354,0,0.600057,0,NA,NA,NA,NA,NA,NA,NA,NA
"125",2021-11-11,NA,NA,NA,NA,0.390196,0,NA,NA,NA,NA,NA,NA,NA,NA,NA,NA,NA,NA,NA,NA,NA,NA,NA,NA,NA,NA,NA,NA,NA,NA,NA,NA,0.653393,0,NA,NA,NA,NA,NA,NA,NA,NA,NA,NA,0.535289,0,NA,NA,NA,NA,NA,NA,NA,NA,NA,NA,NA,NA,NA,NA,NA,NA,NA,NA
"126",2021-11-26,0.676821,0,NA,NA,NA,NA,NA,NA,NA,NA,NA,NA,NA,NA,NA,NA,NA,NA,NA,NA,NA,NA,NA,NA,NA,NA,NA,NA,NA,NA,NA,NA,NA,NA,NA,NA,NA,NA,NA,NA,NA,NA,NA,NA,NA,NA,NA,NA,NA,NA,NA,NA,NA,NA,NA,NA,NA,NA,NA,NA,NA,NA,NA,NA
"127",2021-12-06,NA,NA,NA,NA,NA,NA,NA,NA,NA,NA,NA,NA,NA,NA,NA,NA,NA,NA,NA,NA,NA,NA,NA,NA,NA,NA,NA,NA,NA,NA,0.75134,0,NA,NA,NA,NA,NA,NA,NA,NA,NA,NA,NA,NA,NA,NA,NA,NA,NA,NA,NA,NA,NA,NA,NA,NA,NA,NA,NA,NA,NA,NA,NA,NA
"128",2021-12-16,0.633734,0,0.573316,0,0.661088,0,NA,NA,NA,NA,NA,NA,NA,NA,NA,NA,NA,NA,NA,NA,NA,NA,0.637152,0,NA,NA,NA,NA,NA,NA,NA,NA,NA,NA,0.843937,0,NA,NA,NA,NA,NA,NA,NA,NA,NA,NA,NA,NA,NA,NA,NA,NA,NA,NA,NA,NA,NA,NA,NA,NA,NA,NA,NA,NA
"129",2021-12-31,NA,NA,0.597357,0,NA,NA,0.614508,0,NA,NA,NA,NA,NA,NA,NA,NA,NA,NA,NA,NA,0.656215,0,0.702706,0,0.681441,0,NA,NA,NA,NA,NA,NA,NA,NA,NA,NA,NA,NA,NA,NA,NA,NA,NA,NA,NA,NA,NA,NA,NA,NA,NA,NA,NA,NA,NA,NA,NA,NA,NA,NA,NA,NA,NA,NA
